id,domain,status,purchase_price,renewal_price,attractiveness,demand,length,registrar,created_at,expires_at,status_verified_at
efa86b40-7f4e-479c-88bc-7b96e2b3e9f5,readjust.gg,available,,,high,high,8,,,,
add1b288-6ba3-4a71-aa8d-1a8c5feb4a45,auchinleck.gg,available,,,high,high,10,,,,
042075a8-68fc-4013-a30c-d8814b00a258,firebrand.gg,resell,,,high,high,9,Porkbun LLC (https://porkbun.com/),,,
8fae7375-916d-4121-9d1b-20a4c1ae2e0e,flossing.gg,available,,,high,low,8,,,,
ae9edb3c-36b4-46ba-856d-6d8084c3363a,retronym.gg,available,,,high,high,8,,,,
085ee532-3347-4273-8b6d-01f2a834812a,apiarian.gg,available,68.98,82.98,high,low,8,namecheap,,,05/08/2026 23:53
abd3361e-3bfe-4dde-93aa-7537b4697280,midasian.gg,available,,,medium,low,8,,,,
83d70d5d-4601-47d2-b592-bd34601e67bf,sunups.gg,available,,,medium,low,6,,,,
e55a29f1-6dce-4b71-8bc9-dbae52013211,expressionist.gg,available,,,high,high,13,,,,
aff4049e-17b6-4773-8b42-80c547b20075,equalling.gg,available,,,high,low,9,,,,
31ae2167-fdd5-4942-9a68-9103ebf58cfe,pulling.gg,available,,,high,high,7,,,,
ca09499e-3fb3-47c0-a6ad-6b4ad726b2c6,wettingen.gg,available,,,high,high,9,,,,
36ff578a-aee6-4b2f-8f61-75dd38e22fb3,observance.gg,available,68.98,82.98,high,low,10,namecheap,,,12/08/2026 00:35
02af76b4-8a99-40f0-b763-9dd969e5daf7,hall.gg,resell,,,high,low,4,Dynadot Inc. (https://www.dynadot.com),,,17/09/2026 10:20
30bbe26d-8b3e-4c98-9c10-f0075f6e3a0b,lipstick.gg,available,68.98,82.98,high,high,8,namecheap,,,24/09/2026 11:21
c3999bc1-e598-41dc-80cb-57f913d06564,addictively.gg,available,,,high,high,11,,,,
9a100170-3144-4f08-8c41-be914eebf81c,macneal.gg,available,,,high,high,7,,,,
ca1616a6-58b4-4a47-9634-c2e82ccc1199,superscripted.gg,available,,,high,high,13,,,,
e10d0b2b-089a-4c26-bb0d-f142d447bc9a,reebok.gg,available,82.98,,high,low,6,namecheap,,,
8f0f51a4-a123-4fac-ada2-df7976bfb467,transplant.gg,available,,,high,high,10,,,,
d19eb21a-7ced-42bb-b340-1a67ef5950bb,comptroller.gg,available,,,high,high,11,,,,
45db3507-fb36-4d30-aaee-b1d3f3bb4170,triumphed.gg,available,,,high,low,9,,,,
09bdffee-b23f-4cf9-9248-7bd5ae89b2e6,brasserie.gg,available,,,high,high,9,,,,
d0feaeae-ab29-4d16-9561-06feb2e2d7da,strategies.gg,resell,,,high,medium,10,Enrapture Limited (https://enrapture.gg),,,
5d882e48-51d9-4893-a43e-bb038c13e42d,breathless.gg,available,68.98,82.98,high,low,10,namecheap,,,11/08/2026 03:23
5bb26a59-f4cb-47c8-8abc-519f37c750c2,eguidance.gg,available,,,high,low,10,,,,
4698c095-db77-4f26-abfa-2d8f2470bd93,starbies.gg,available,,,high,high,8,,,,
de229ccf-22e4-4e5b-a82c-09506e0124b2,surrender.gg,available,82.98,,high,low,9,namecheap,,,
ec6a4901-5b9e-4656-b1d8-c2c9f8c803ac,opel.gg,available,,,high,high,4,,,,
cdec1078-cd7d-49a7-a5f4-b0d9e801f42f,nightmare.gg,resell,,,high,low,9,Enrapture Limited (https://enrapture.gg),,,
c921e67c-e6ef-4f9b-b811-cf81c563bb07,volcanoes.gg,available,,,high,low,9,,,,
5e68f05b-c3fa-457f-955a-9005d068d69e,studying.gg,available,,,high,high,8,,,,
6aafaf0d-d43a-4044-a741-b5ba46fb86be,waitstaff.gg,available,,,high,high,10,,,,
3e4f8680-9dc2-4595-b672-57ce357abaf8,fiance.gg,available,,,high,high,6,,,,
9598e155-f71c-4b4f-98ab-7a4894703067,wheeled.gg,available,68.98,82.98,high,low,7,namecheap,,,13/09/2026 11:20
172c57cd-070c-4e6a-bddd-1961d94dae16,jewel.gg,resell,,,high,low,5,Enrapture Limited (https://enrapture.gg),,,
db391df0-a7ae-4706-bb1b-369ac0d5f301,kingships.gg,available,,,medium,low,9,,,,
aa6fef98-d05f-4812-970f-fc6949eb9267,hideaways.gg,available,,,high,low,9,,,,
a70728d9-4830-4baa-b7ed-83d3df17325d,madrassas.gg,available,,,medium,low,9,,,,
a99f1ee8-9ef6-458b-b8a7-b63ba201efdb,fuelled.gg,available,,,high,medium,7,,,,
0975e55f-3e33-491e-bae2-e7951c32b567,apprentices.gg,available,,,high,low,11,,,,
a862049c-95d3-403c-ad85-f9f651346bea,indigo.gg,resell,,,high,low,6,GoDaddy.com LLC (https://www.godaddy.com),,,22/08/2026 03:01
968dcf36-8d19-45c7-ad28-4e8947802700,redraw.gg,available,,,high,high,6,,,,
b3fb007f-9e9f-46e8-bd14-07f9c2c9ac6b,historic.gg,available,68.98,82.98,high,low,8,namecheap,,,21/08/2026 09:51
6a52fe32-6c53-4f1c-8b6c-0af28a34b968,drainpipe.gg,available,,,high,high,9,,,,
14a94a95-d361-4adb-82c8-6626def5c96f,miniband.gg,available,,,high,high,9,,,,
165067a3-48b5-4d79-a49c-aba5c72eaa31,cerebrate.gg,available,,,high,high,9,,,,
d347e129-49f1-4ad3-9000-0a33b5a42a04,scholastic.gg,available,68.98,82.98,high,medium,10,namecheap,,,09/09/2026 23:13
84322897-bc8e-4c4b-9afe-138003133e51,singsong.gg,available,68.98,82.98,high,low,8,namecheap,,,12/08/2026 02:09
46ff6994-4fbf-41d9-a424-e4c791e7db86,browsers.gg,available,,,high,medium,8,,,,
b8baf9d2-a706-43b5-9add-3cb390488947,greeky.gg,available,,,high,high,6,,,,
20a840a6-42d3-4494-ad38-c9bd6c260370,accresced.gg,available,,,medium,low,9,,,,
a2a8bf6c-520e-4215-aeaa-d72879a6ed9c,finnishman.gg,available,,,high,low,10,,,,
094799b7-7942-4a28-8c9a-a352257366da,doppelganger.gg,available,,,high,high,12,,,,
2e251985-0a79-48ab-b01b-a2c8630eb985,lusty.gg,available,68.98,82.98,high,low,5,namecheap,,,12/08/2026 20:20
2a023057-426f-49e8-9507-28066f5b4576,pitfall.gg,available,82.98,,high,low,7,namecheap,,,
336d5f1a-b7e5-4266-91cc-c2cd5019fd5e,mammals.gg,available,,,high,medium,7,,,,
aca5c54f-17d5-4a0a-a5f3-57bfffed0e0b,scratched.gg,available,82.98,,high,low,9,namecheap,,,
71546ed8-f9f8-4258-9d3e-a9d4e0ec9b9a,twofers.gg,available,,,medium,low,7,,,,
f50f2a74-494e-4775-ab0c-6f93457f2f12,crystalisation.gg,available,,,high,high,14,,,,
cf431200-56f9-4703-b774-594bee8d3382,billions.gg,resell,,,high,medium,8,"humbly, LLC (http://park.io)",,,
0c98d1fd-ade0-4a04-8c41-b747ab6ae260,lisbon.gg,available,82.98,,high,low,6,namecheap,,,
43a89c8a-6768-4c46-a213-4d0071af0332,schoolteachers.gg,available,,,medium,low,14,,,,
9068c3fe-1b8b-4510-9971-2465125f90de,prokaryotic.gg,available,,,high,low,11,,,,
22278f2e-43e2-44e5-8c17-cc219da457ff,normalizer.gg,available,,,high,high,10,,,,
7725f7a7-bd80-45e1-8253-1ad05ca3af42,craftsy.gg,available,,,high,high,7,,,,
2659e0f8-1e17-4b84-98c3-d9e7de5dbbc4,possiblities.gg,available,,,high,high,12,,,,
75c093b8-c8ad-42d7-9bc5-5dccaf11baa5,oscillator.gg,available,,,high,high,10,,,,
c08963aa-9f9e-4f7e-b23b-13b73d6c1efc,covalent.gg,available,68.98,82.98,high,low,8,namecheap,,,13/08/2026 04:03
a09d361d-5e5a-4b9c-a01c-5c7d82904ea8,paramedic.gg,available,68.98,82.98,high,low,9,namecheap,,,08/09/2026 00:59
ebcb8bf4-66d5-4c17-acc2-eca686c55650,prong.gg,available,,,high,high,5,,,,
0bf495e3-dbfb-424c-b9a9-108c1454d84a,silvery.gg,available,68.98,82.98,high,low,7,namecheap,,,06/08/2026 17:56
5c224625-c7c1-4adb-933e-6046f2922eb2,replaced.gg,available,,,high,low,8,,,,
96562366-f858-4b3e-8345-2cdb7ff8ea30,equilateral.gg,available,,,high,high,11,,,,
0e634e9c-385f-43cb-bcea-1e5623f35998,guadeloupe.gg,available,,,high,high,10,,,,
3dc6dff7-ff0f-4b82-9f1c-d3d7c3597e33,goodall.gg,available,,,high,high,7,,,,
d52df4ff-f979-4646-87a2-41131c1d3464,roaming.gg,available,,,high,medium,7,,,,
e15bf093-1b2a-44bc-ab94-2de53799d08c,awheel.gg,available,68.98,82.98,medium,low,6,namecheap,,,08/08/2026 01:05
a1d83e17-e009-40c2-98f2-23503fa9aac6,indy.gg,resell,,,high,high,4,Porkbun LLC (https://porkbun.com/),,,
980c7d64-8482-42e0-aeef-b253d123de77,singular.gg,resell,,,high,low,8,GoDaddy.com LLC (https://www.godaddy.com),,,13/08/2026 11:18
9c7bb6bd-5f00-45df-97b2-4f075934caae,convey.gg,resell,,,high,high,6,Enrapture Limited (https://enrapture.gg),,,
b25ac362-2ce2-4a83-a832-cc80d0dcd7e7,lushly.gg,available,,,high,high,6,,,,
360aaa54-8926-4a8d-9613-6357f9a52cdc,provedore.gg,available,,,high,high,9,,,,
f98beccf-eb97-4bcf-b8c2-b72d926ad609,explores.gg,available,,,high,medium,8,,,,
d4d8948e-b42d-4e54-8011-d6f0cb23d1ac,bootprint.gg,available,,,high,high,9,,,,
ab74c800-d61f-4100-b8e4-5475280f9528,cvt.gg,available,,,high,high,3,,,,
95e32963-3218-4d33-ad1a-87bf270f049f,tristian.gg,available,,,high,high,8,,,,
0b7352a9-2fa6-4c37-976d-53dad9e38cd9,overstatement.gg,available,82.98,,medium,low,13,namecheap,,,
a1433976-de6b-43a4-98d1-16bc241bfe64,squinty.gg,available,68.98,82.98,medium,low,7,namecheap,,,07/08/2026 03:20
4ef68641-0d09-4194-b22c-dcaab6556904,gargling.gg,available,,,high,high,8,,,,
646958cc-7be7-4136-a22d-96f94ad0e262,residences.gg,available,,,high,low,10,,,,
7ebd13ec-b6fe-4901-8869-070a51eacfc7,gamow.gg,available,,,high,high,5,,,,
91052b2e-9514-47f6-95fd-b66e65d2835e,newscast.gg,available,,,high,high,8,,,,
8e52a1bc-c4da-42c7-a8b2-6c53935d2ab0,trotting.gg,available,,,high,medium,8,,,,
ec4f661a-dacd-49a4-bcbe-8be966c233d7,scrubs.gg,available,,,high,high,6,,,,
4940ac4b-cb4f-42cd-804b-a1b4c4543799,innate.gg,available,68.98,82.98,high,low,6,namecheap,,,12/08/2026 21:44
7c369f0c-0a59-46a6-b012-548873a4a03c,unconditional.gg,available,,,high,high,13,,,,
5cad011f-ac7f-4cc4-99c6-6b5d6c1bc360,spectrometer.gg,available,,,high,high,12,,,,
cf80d3ee-3108-48cf-9b75-bfe477adaef7,ellinikon.gg,available,,,high,high,9,,,,
85e83281-223b-4e8a-8fb9-266bfd1e9cef,peke.gg,available,,,high,high,4,,,,
397e8c13-ccba-4d4d-b34f-84cf940d1571,imago.gg,available,,,high,high,5,,,,
89d25943-3f8e-406e-83be-d1528a3e1c62,sectional.gg,available,68.98,82.98,high,low,9,namecheap,,,10/09/2026 01:18
a719b09b-cf9d-41f4-a0c9-af83ab50be2c,megastar.gg,available,,,high,high,8,,,,
1bcc3904-08a1-4833-92be-0ae206db8cd4,disintermediate.gg,available,,,high,high,15,,,,
b89c147a-1d2c-4c00-9911-4a8fa5cdaae5,stepchildren.gg,available,,,high,low,12,,,,
04701dbc-a94d-4682-8037-aa2d085cf770,undersanded.gg,available,,,high,high,11,,,,
f3df7e93-32d8-4b68-b3de-d43c15d694b3,lightray.gg,available,,,high,high,8,,,,
c8c47266-977c-4797-a3ac-cb90b308b4dd,downwards.gg,available,68.98,82.98,high,low,9,namecheap,,,14/08/2026 17:16
eec0f7dd-eb61-4596-96c0-7b230faa808d,seamed.gg,available,68.98,82.98,high,low,6,namecheap,,,10/09/2026 00:45
b9a1692c-1df2-494b-97a7-6055646c701d,chimpcago.gg,available,,,medium,low,9,,,,
2677f9af-cb06-424b-bfac-c97ca9cbef57,unbearable.gg,available,82.98,,high,low,10,namecheap,,,
344c9591-0ad0-44f7-89d6-a64e3160f5dd,sago.gg,available,,,high,high,4,,,,
b27f47ca-4127-43c6-9cb3-c8e8cbd354c2,kitchewank.gg,available,,,high,high,10,,,,
32c22b56-0df3-415b-bad8-6fa978a0beca,luncheon.gg,available,82.98,,high,low,8,namecheap,,,
50d692ba-ac74-49d8-b825-0d51eff2448a,religions.gg,available,,,high,low,9,,,,
6ce45639-367a-4dd0-8b1a-267987c48c88,zygomatic.gg,available,68.98,82.98,high,low,9,namecheap,,,13/09/2026 15:39
46f67b42-24ba-4620-b3a8-1edcd8dd0bc3,kizilsu.gg,available,,,high,high,7,,,,
ec6e4a7d-1c57-46a1-87cf-074e9b974080,percuss.gg,available,,,high,high,7,,,,
a076a51d-2721-40dd-ad97-3510f10c54c6,buildable.gg,available,,,high,high,9,,,,
d5473d9c-611c-4699-945c-d7cad85ee4ea,grandaunt.gg,available,,,high,high,9,,,,
246ef894-1170-4f86-94a4-9aa927d02fe4,homebuilders.gg,available,,,high,medium,12,,,,
98fae563-694f-44c2-82a3-36516dd5afa6,dialogues.gg,available,,,high,medium,9,,,,
5d6c1dd2-5f69-4e00-a818-2c9079313aaf,maidenly.gg,available,68.98,82.98,high,low,8,namecheap,,,24/08/2026 13:14
860fbd5b-5b3f-467c-93f5-8cb5829d2ba6,hygiene.gg,available,,,high,high,7,,,,
2c15e9a8-729f-4279-9f46-aedb9503d930,typewrite.gg,available,,,high,high,9,,,,
8bd4ef69-503a-4fb5-85d6-c1ef374bec03,houston.gg,resell,,,high,high,7,1API (http://www.1api.net),,,
72b4f8f3-dabc-4859-9757-d07b9d279476,stillborn.gg,available,68.98,82.98,high,low,9,namecheap,,,
379ce47b-0d20-423a-8280-f0f52d1fe2aa,nearly.gg,available,82.98,,high,low,6,namecheap,,,
b19b68cf-30ce-4a5c-87a9-69b396377f82,pairings.gg,available,,,high,high,8,,,,
3cbabb28-eecb-43c9-bcba-33401f8abc1e,stonecutter.gg,available,,,high,high,11,,,,
ac683893-3a27-4d9b-a1ec-7f8c41c9383d,slobland.gg,available,,,high,high,8,,,,
25abb8c4-8121-4f14-b947-7e0c28638b5c,policyholders.gg,available,,,medium,low,13,,,,
2a1f2c54-13e4-4440-b0db-0b4020b2571c,reading.gg,available,82.98,,high,low,7,namecheap,,,
b0e49ceb-7a54-4ce1-a5d5-c50563004194,stemware.gg,available,,,high,low,8,,,,
471556c3-ce23-400a-9795-bda9ba1244a4,unconfined.gg,available,68.98,82.98,high,low,10,namecheap,,,12/09/2026 06:03
1a65ded2-a530-42fc-83e9-96667695401c,keynoter.gg,available,,,high,high,8,,,,
886ed4e5-4eec-4fba-86d1-247b17955996,incentivize.gg,available,,,high,high,11,,,,
2944f3e1-df08-46a1-8f72-6f235e7be322,minutia.gg,available,,,high,high,7,,,,
de41aa80-ddd9-4d99-89cf-73f893c448e5,freeda.gg,available,,,high,high,6,,,,
436b8c59-6764-45c7-94bb-70c254a2a433,ouroboric.gg,available,,,high,high,9,,,,
c4b1f444-1d12-4b38-b6b4-8652ce958358,dippy.gg,available,,,high,medium,5,,,,
6838c70e-06df-42b1-8879-b00078173c0c,tracing.gg,available,82.98,,high,low,7,namecheap,,,
e5b59ab6-b123-43f5-909b-d3e1be74562d,kyrenia.gg,available,,,high,high,7,,,,
2dee6d39-b4dc-4cca-8a50-6e871313e94b,wordinitial.gg,available,,,high,high,11,,,,
c9dc1159-ed87-46f7-8402-3f9d606017d1,cormorant.gg,available,,,high,high,9,,,,
cee4120a-7973-4a45-8624-661806000b1c,epitomise.gg,available,,,high,high,9,,,,
c2cc014b-2a19-4f8d-acfa-1b470edab642,brooding.gg,available,68.98,82.98,high,low,8,namecheap,,,11/08/2026 05:52
65eb8030-e536-444c-aff8-84896ab410ad,suburban.gg,available,68.98,82.98,high,low,8,namecheap,,,11/09/2026 00:54
c85afea6-267a-4843-ab2a-8d2ab0a6530b,killaloe.gg,available,,,high,high,8,,,,
ad92a764-9cc5-4858-bfc3-22445a412834,surfboards.gg,available,,,high,low,10,,,,
b3030df8-27be-406a-b05b-bf96d86991ce,arpeggiando.gg,available,,,high,high,11,,,,
ac70f856-f934-42c2-98ef-660719d8e850,housewife.gg,available,,,high,high,9,,,,
17132ead-8a47-41d2-89b4-04c4fa41168e,contributions.gg,available,,,high,high,13,,,,
b40d31a0-36e6-4978-97de-0878faf35872,thimble.gg,available,,,high,high,7,,,,
b3ca2da1-c686-4c97-9f2d-7ed3f66a139a,frau.gg,available,,,high,high,4,,,,
e6ba9291-9466-40a3-8fd5-ffe2d1a65994,boundlessly.gg,available,,,high,high,11,,,,
b6f65d2f-0fe4-4ca1-8ddf-180a09d635b6,medivac.gg,available,,,high,high,7,,,,
01b7f40d-5536-43d3-a2bb-b548e18d2945,groundstroke.gg,available,,,high,high,13,,,,
e72de662-8b3b-4953-b6ab-b330ebd5fe7e,norman.gg,available,68.98,82.98,high,low,6,namecheap,,,03/09/2026 21:18
bcf2b6bb-914a-4e06-8a9f-68cbf6f900af,firearms.gg,available,,,high,high,8,,,,
e2b925ee-dfff-45fd-befa-ab0b3cb33026,motility.gg,available,,,high,high,8,,,,
169dfd76-a835-4101-aa79-81e6e46e2f24,tantalizingly.gg,available,,,high,high,13,,,,
8186890d-8729-4e1f-b5a1-814fc2e3e611,affluence.gg,available,82.98,,high,low,9,namecheap,,,
c08fcda2-24e4-4410-a4e1-55b6e4e9b16e,routinely.gg,available,68.98,82.98,high,low,9,namecheap,,,16/09/2026 00:11
4c86b1a8-ee53-459d-a2b3-f7e2220f49ad,cognize.gg,available,,,high,high,7,,,,
280eab0b-2e0c-4151-bfcb-542df0261dd8,prudent.gg,available,82.98,,high,low,7,namecheap,,,
8e6489f9-0902-4254-adb5-eec577409617,invoked.gg,available,,,high,low,7,,,,
4e9938c6-3a01-4c8b-a347-ae17f739345c,optimized.gg,available,,,high,medium,9,,,,
3b2d4f5c-1cc4-410b-9873-6fef5d6ff055,dower.gg,available,,,high,high,5,,,,
423de864-d620-43bd-a660-0f811ba5d6d4,paparazzo.gg,available,,,high,high,9,,,,
0db3910c-f415-4092-a8f2-438f4e4fa6be,dickensian.gg,available,68.98,82.98,high,low,10,namecheap,,,14/08/2026 06:25
81eb9716-2c3e-47d7-acdf-fc18757b6f40,quartette.gg,available,68.98,82.98,high,low,9,namecheap,,,09/09/2026 07:26
5008f747-5801-4062-9e18-036b4857cd3f,accreting.gg,available,,,medium,low,9,,,,
d0ec6ffa-cee8-46a3-97c7-af5b4ae2caf3,nkr.gg,available,,,high,high,3,,,,
3d8a223d-7917-43c2-88dd-847681f4b36e,ecoliterate.gg,available,,,high,high,11,,,,
c0ce50c7-0023-46f9-afec-7636869d6632,statistic.gg,available,,,high,high,9,,,,
f05f898d-b7d1-4a28-9774-43ffac9d3df1,acinetiform.gg,available,,,medium,low,11,,,,
0ad5335a-96e6-4d7d-b8dd-5bd967476c01,bulliness.gg,available,,,high,low,9,,,,
a394c78a-dd0d-4edb-87b3-6bb3e399743a,supplementary.gg,available,,,high,medium,13,,,,
939eaad9-f2c8-4aab-9014-a8541f97509c,singlish.gg,available,,,high,high,8,,,,
fc45e5f7-179e-43c5-bca2-ef2adf5f54e1,acicular.gg,available,68.98,82.98,high,low,8,namecheap,,,
6e412469-5d5b-464d-af32-bfb69aa497f4,cataloguers.gg,available,,,medium,low,11,,,,
f8291851-050b-43b8-ab72-d23044c0c6a8,grander.gg,available,,,high,medium,7,,,,
fdb00221-3327-4760-b4be-7f67f61b1d15,resolvable.gg,available,82.98,,high,low,10,namecheap,,,
aee66b22-25c7-4982-90fd-9ca10a9efd09,humblebee.gg,available,,,high,high,9,,,,
0c2be3d0-5479-4095-8727-fdf0bce9d580,classically.gg,available,,,high,high,11,,,,
0f5389ce-726b-468d-864f-324058550f7e,nipper.gg,available,68.98,82.98,high,low,6,namecheap,,,25/08/2026 00:05
fe75f452-6acb-4f85-94fe-32ac3d927716,hardworking.gg,available,82.98,,high,low,11,namecheap,,,
597b5e11-4f8e-4691-ba68-6f18f403ffbf,mushrooms.gg,available,,,high,medium,9,,,,
bffefcbe-1e97-4c2c-908e-b958c5ecb3ef,patrician.gg,available,68.98,82.98,high,low,9,namecheap,,,06/08/2026 19:34
af0207d5-3cf3-400b-aaf9-05bb3c0368d5,quickness.gg,available,82.98,,high,low,9,namecheap,,,
7fd2444a-cb9d-488a-b6a4-ce88f5c9383c,nobleness.gg,available,,,high,high,9,,,,
6123cead-59ab-4371-8706-580dc16b1707,abjudicating.gg,available,,,medium,low,12,,,,
c5ca30ef-4eae-46c3-adc2-1572de0986e1,varicoloured.gg,available,,,high,low,12,,,,
eddb9012-802a-4e37-9d62-0e2b03aba46b,partiality.gg,available,,,high,high,10,,,,
02646644-6f11-4072-ba77-e640c7b7e4b3,ioc.gg,available,,,high,high,3,,,,
914bc1af-5307-4776-90ba-7e970dcf0994,pundit.gg,available,,,high,high,6,,,,
3c0ea6d7-6398-4388-b710-4ab0251c2add,placate.gg,available,68.98,82.98,high,low,7,namecheap,,,18/08/2026 22:12
5c5c14d7-36e2-4530-9e16-856f2ac17093,postie.gg,available,,,high,high,6,,,,
cb4f0515-6853-4e73-821a-4cef241d9772,aldopentose.gg,available,,,high,high,11,,,,
be574a7a-5e04-4e6e-88e0-b27dae876edd,dmitriy.gg,available,,,high,high,7,,,,
0341ebb2-5bea-4a76-83ff-4893536a7d14,funfilled.gg,available,,,high,high,9,,,,
107f82ed-fe87-4129-b309-7ccb10cc2876,succulent.gg,available,68.98,82.98,high,low,9,namecheap,,,11/09/2026 00:58
b8d01cbc-f802-46fd-9f10-1c75b10d1d02,billeting.gg,available,,,high,high,9,,,,
24b9437c-8124-42c2-a161-7f6ff3f2c77a,seacoast.gg,available,,,high,high,8,,,,
a7a27845-450a-4c08-9ed6-14da2fcc0e63,shutterbug.gg,available,,,high,high,10,,,,
6205d859-654c-49b5-a15d-a26ee6107302,midstout.gg,available,,,high,low,8,,,,
9488ba96-d9bf-42d6-8826-e9b66475c70b,impregnable.gg,available,,,high,high,11,,,,
47445e0d-61e4-43fb-8786-902d86acece1,prefab.gg,available,,,high,high,6,,,,
cf65a6be-6bec-4adc-9544-9403061e36a5,oddly.gg,available,,,high,low,5,,,,
6c87424f-304c-48ea-9613-15115c67d107,mount.gg,available,82.98,,high,low,5,namecheap,,,
95e853e3-4f57-46cf-b707-d0f08db4cf76,jilabi.gg,available,,,high,high,6,,,,
cddc1c76-76bc-434b-916b-800bcdca058d,ingraft.gg,available,,,high,high,7,,,,
34b659f5-8048-4c69-b680-6e11ce34231d,draped.gg,available,68.98,82.98,high,low,6,namecheap,,,14/08/2026 18:23
6bd8ad43-7ea2-452c-b39f-a993d9f75aec,midspan.gg,available,,,high,high,7,,,,
9b2b6999-e49e-4f49-bf76-e6e34fb8f2b0,dessertspoon.gg,available,,,high,high,12,,,,
aac1234f-6534-4ab7-9f5d-10a663217675,hourglass.gg,resell,,,high,high,9,"Spaceship, Inc (https://www.spaceship.com)",,,
48945a03-351c-446f-8477-bab9a56e7c4d,tide.gg,resell,,,high,low,4,Enrapture Limited (https://enrapture.gg),,,
4c36da3f-467e-4fa5-a9db-1eb28e6a5e2d,cheaply.gg,available,68.98,82.98,high,low,7,namecheap,,,14/09/2026 06:37
d4a3e0a6-101c-4783-9b94-7ed8aacd4d75,redeems.gg,available,,,high,low,7,,,,
bbb85dce-06ed-4b17-a53b-3575348ed903,anhydrous.gg,available,68.98,82.98,high,low,9,namecheap,,,
e1ea80b2-7a44-4475-8662-3a741141d678,provisionals.gg,available,,,high,low,12,,,,
b59b8974-f397-4943-bb92-6ee8be5a876f,recognition.gg,available,82.98,,high,low,11,namecheap,,,
284ed45a-a4b7-4908-ad9a-a73d1de0f865,daegu.gg,available,,,high,high,5,,,,
1a8a57ef-d86f-41af-88d2-62ff8db6142c,jehovah.gg,available,68.98,82.98,high,low,7,namecheap,,,
813b4bc2-5e86-4eef-bb9f-564b4af0119f,sixteenth.gg,available,68.98,82.98,high,low,9,namecheap,,,
102b96f0-1b11-4e86-8cda-67f3519ce200,kirkconnel.gg,available,,,high,high,10,,,,
1f4c0bfb-f484-4577-8f42-d21a20beb9d7,crustacean.gg,available,68.98,82.98,high,low,10,namecheap,,,13/08/2026 09:19
66cdab37-0c67-4cb0-9309-2c0089db7537,promoting.gg,available,,,high,high,9,,,,
a438ab24-308e-424d-b8d7-356d36c2b96f,unscom.gg,available,,,high,high,6,,,,
564e4e9a-c6d5-416f-85bb-5b49dc05daa7,annulate.gg,available,68.98,82.98,high,low,8,namecheap,,,
cb154c1f-400a-42b0-add3-6539a3f866d0,fillip.gg,available,,,high,high,6,,,,
5ccae5cb-6039-410b-ad64-0e5322cf4689,applies.gg,available,,,high,low,7,,,,
9eceb966-e432-48e4-8932-5422335fdfb8,photographer.gg,available,,,high,high,12,,,,
df350812-d8c4-4f21-8249-ecc61c15a98a,windfarming.gg,available,,,high,low,11,,,,
7779cc1c-6ada-4bcc-97a6-7faf66fe2a67,capstans.gg,available,,,high,low,8,,,,
8ef837cc-2d47-4a38-a1db-96496266dc86,thunderstorms.gg,available,,,high,medium,13,,,,
efac9af8-8e37-4c7d-9981-d5dd54d0416d,loma.gg,available,,,high,high,4,,,,
6d65d341-4107-4233-a3ed-0828c04085a7,brevity.gg,available,,,high,high,7,,,,
aba00e60-c4c0-4d8c-bf9e-7b5e1ebc655e,inhibition.gg,available,,,high,high,10,,,,
cdc6fc32-9738-4071-8112-acee975e3f64,realise.gg,available,,,high,high,7,,,,
62ed7c02-57a0-43a3-94b8-6064fd1c78a3,unhitch.gg,available,,,high,high,7,,,,
0c8d6ff3-d2fa-460d-9011-44c39d5610ad,centrioles.gg,available,,,medium,low,10,,,,
19f22161-90d0-4f27-b11c-97b25b34349b,waco.gg,available,,,high,high,4,,,,
eab03d08-0473-4993-83c9-e360e76be12b,outdoorsy.gg,available,68.98,82.98,high,low,9,namecheap,,,04/09/2026 19:14
b86bb876-9fa1-45c2-acf8-93868434484c,swaddle.gg,available,,,high,high,7,,,,
3827c15a-2fff-4e80-8c5f-9363c42ae12b,medusa.gg,resell,,,high,low,6,Dynadot Inc. (https://www.dynadot.com),,,24/08/2026 19:13
4c295dd7-2320-4072-9b72-999edda7fb84,physique.gg,available,,,high,high,8,,,,
8900dfbb-a80f-4697-bf7b-647f64c413ac,cartoonery.gg,available,,,high,low,10,,,,
6b659fc1-b568-4fa8-9e1c-f3f99306464a,underpinning.gg,available,,,high,high,12,,,,
26c20a59-f04f-495a-8e0a-eae66e8e2ae8,zweikanter.gg,available,,,high,high,10,,,,
e041ad9c-cbcb-4aff-a203-205ef6eeba59,parliamentary.gg,available,82.98,,high,low,13,namecheap,,,
eacfedcf-e756-447a-8a70-ae9b96c8980d,caipirinha.gg,available,,,high,high,10,,,,
6e912b11-08d5-4e77-a50c-f98ad365adf5,doyenne.gg,available,,,high,high,7,,,,
f86801da-21c0-41fb-87b5-59be5f2fce97,precognition.gg,available,,,high,high,12,,,,
2423da91-c735-408f-bcd6-4b9683e7a70e,considerable.gg,available,,,high,high,12,,,,
9da1d266-1711-41b7-b794-7cc722260dcc,auray.gg,available,,,high,high,5,,,,
05690729-b63c-4621-b735-51d61945b6cc,conformist.gg,available,68.98,82.98,high,low,10,namecheap,,,12/08/2026 21:13
84f135e4-7be9-4977-97d8-7bf6c4829f93,kingussie.gg,available,,,high,high,9,,,,
448b9c2f-e6ca-4e1e-af5f-c9ef79df7362,twinhull.gg,available,,,high,high,8,,,,
d63305fb-9506-4440-a640-6503b0b911d5,electromagnet.gg,available,,,high,high,13,,,,
ed5348e1-71a8-4d49-946a-72a808814fe0,multiphase.gg,available,68.98,82.98,high,low,10,namecheap,,,03/09/2026 10:50
f2511567-50fb-49d9-84ce-ff8362d3c6fc,pronouncements.gg,available,,,medium,low,14,,,,
82ca1745-d5a4-4ed4-88f6-55be1860c866,antitoxic.gg,available,68.98,82.98,high,low,9,namecheap,,,05/08/2026 19:55
2a3641f0-adb3-462b-94b1-b40607548fea,passer.gg,available,,,high,high,6,,,,
379fe099-bd7b-479d-9c7f-26bf892a229c,grandchild.gg,available,82.98,,high,low,10,namecheap,,,
e13d3319-ad5e-4594-875b-e40858e00ac4,auditionees.gg,available,,,high,low,11,,,,
62d09132-a3c1-4b04-a67d-f8d973033156,ghostwriter.gg,available,,,high,high,11,,,,
d537fc46-fd02-401b-bae5-2d883522376b,rations.gg,available,,,high,low,7,,,,
db6764d1-5c1a-49f7-bf48-37bf0ebd6638,aurthur.gg,available,,,high,high,7,,,,
c65d9e0c-0204-4921-9a84-b28d196d3691,continuando.gg,available,,,high,low,11,,,,
702f6c17-b098-4a7e-ae0f-435ab53d39ef,greyfriars.gg,available,,,high,high,10,,,,
3ff2615b-fe73-4b0e-8ed0-2258a2f16938,imprimatur.gg,available,,,high,high,10,,,,
d29ec087-d896-4c62-94cc-e51afa73a30c,knightage.gg,available,,,high,high,9,,,,
a193f20b-cce7-4b23-b753-8cf0079ae9d3,bookpress.gg,available,,,high,high,9,,,,
8cfac9cd-d35c-4bae-81e2-d4c1002e1780,straits.gg,available,,,high,high,7,,,,
37eed63b-345d-47d6-9990-cf0a3fadde2b,freshen.gg,available,,,high,high,7,,,,
3728e466-b61e-4bd1-ab6b-bbffd10e0488,torpedo.gg,resell,,,high,high,7,Enrapture Limited (https://enrapture.gg),,,
ae143e58-918c-40c6-8a6f-08fa896339f4,bonbons.gg,available,,,high,low,7,,,,
70962f6f-8480-4fc2-830d-504780e00dbb,kithira.gg,available,,,high,high,7,,,,
a85497c3-b30c-47e4-b3d5-66546297db3f,mosketoe.gg,available,,,high,high,8,,,,
1607f9b5-9038-4f1b-9715-c6abf9bebaac,adat.gg,available,,,high,high,4,,,,
902cc599-0c70-4d39-9443-88028eff113a,gulf.gg,resell,,,high,low,4,West263 International Limited (http://www.363.hk),,,
6a9e9dc7-932d-4314-a3e0-bc42a6148d86,fumarate.gg,available,,,high,high,8,,,,
d0a6d0f1-9056-4964-b5ed-7d12e80cce88,graphist.gg,available,,,high,high,8,,,,
f8b4a824-c094-40c8-aeb0-02124bd43cad,judaic.gg,available,68.98,82.98,high,low,6,namecheap,,,22/08/2026 13:17
e60766c9-5c4b-4534-9d5a-050cc595574f,bushcamp.gg,available,,,medium,low,9,,,,
8036e66e-1337-4c64-b982-93f38b37c376,granitelike.gg,available,,,high,high,11,,,,
a878ce33-e910-4f5b-9a82-dc955a7d645a,midcostal.gg,available,,,medium,low,9,,,,
01ccbbd1-1a86-4a1a-ac42-58d10e5035dc,proprietor.gg,available,,,high,high,10,,,,
b2f60e43-c3f4-4c7f-ae65-2609dacc84cd,crystallize.gg,available,,,high,high,11,,,,
770f99de-50cd-46f1-9c5e-9627d30690de,reimburse.gg,available,,,high,high,9,,,,
9215a6ed-1e3e-4b70-aae2-695d2b8f5a36,message.gg,resell,,,high,low,7,Dynadot Inc. (https://www.dynadot.com),,,08/09/2026 08:47
369cedf4-d122-45c8-805b-451f10fdd2db,shirtless.gg,available,82.98,,high,low,9,namecheap,,,
b657cb06-5d64-4775-8abb-63fce4beb431,vedanta.gg,available,,,high,high,7,,,,
ac1690b9-8981-4e62-a830-1100d7eac838,cutlery.gg,available,,,high,high,7,,,,
ce4d79f4-28f7-4694-b3d9-6fba7a516659,affords.gg,available,,,high,low,7,,,,
8a34caa8-0c6d-4bee-b05e-46bb0597f9dd,ultrarace.gg,available,,,high,high,9,,,,
7ae83e42-8c82-4dc3-8047-9428f09aa38f,eaten.gg,available,82.98,,high,low,5,namecheap,,,
149beeae-c9fd-4ca4-a844-ce342e730e95,translator.gg,available,,,high,high,10,,,,
884627a0-9050-4c44-8da0-73d9721f581a,grasping.gg,available,68.98,82.98,high,low,8,namecheap,,,07/08/2026 22:04
f2038e81-ee40-4cd1-b702-e1bb2df49cbf,canberran.gg,available,,,high,high,9,,,,
09ee9dc3-65d5-481a-85d4-35301038219f,terms.gg,available,82.98,,high,low,5,namecheap,,,
d2183f26-1634-4028-ae0c-eed2bf51a37a,regrouping.gg,available,,,high,high,10,,,,
c84784d9-f08d-439b-bd89-067a1ba059f4,averaging.gg,available,,,high,medium,9,,,,
9b65e8da-e197-40dc-b5c9-8557438701c1,fingered.gg,available,68.98,82.98,high,low,8,namecheap,,,18/08/2026 04:53
3c0b8a08-36b9-4080-9127-e4f9a2d6629c,christmasy.gg,available,,,high,high,10,,,,
b285ba81-50a7-46a7-ab5d-c844af56ed45,stance.gg,resell,,,high,high,6,Enrapture Limited (https://enrapture.gg),,,
c77f0002-ab48-441f-ae74-8b585a8e4339,fragrant.gg,available,68.98,82.98,high,low,8,namecheap,,,18/08/2026 14:03
f78a17ae-7600-4256-a0fb-3b1d8e46add4,bucketful.gg,available,,,high,high,9,,,,
d2009a18-7ffe-49ab-a08b-0fba42d77c29,diplomatically.gg,available,,,high,high,14,,,,
5f12c9d6-0195-4bd7-8478-d837f6b2db9c,stronghearted.gg,available,,,high,high,13,,,,
2b2982b0-d65f-49ee-a051-13150222bf4e,ashen.gg,available,,,high,low,5,,,,
a96ca7ae-e084-4c22-8bbf-f14bd68a134e,interplatelet.gg,available,,,medium,low,13,,,,
f9e0411d-69d6-4ea3-b7f4-5e494d2e705b,cuanza.gg,available,,,high,high,6,,,,
309b4c22-d64d-4d5e-a604-97a59a62ab6c,compiles.gg,available,,,high,low,8,,,,
d766f689-3ef6-40c2-ac1a-78ec072e89a7,rhythmic.gg,available,82.98,,high,low,8,namecheap,,,
1d45b82e-75eb-4bcf-a776-a97e69588ef4,acquaintance.gg,available,,,high,high,12,,,,
525fae70-5467-4a44-b451-8421d248afd7,guys.gg,available,82.98,,high,low,4,namecheap,,,
e89f41ca-73f1-4bae-a31c-4ba0386fa279,xxvii.gg,available,68.98,82.98,high,low,5,namecheap,,,
49053bd6-70c7-4a72-82ab-99fca132e530,braise.gg,available,,,high,high,6,,,,
56bbd06b-d5fb-4106-8ca2-7e8ad9f43e9c,bogof.gg,available,,,high,high,5,,,,
5f44a877-1a75-46e4-bd58-6766692f6d85,trumpcare.gg,available,,,medium,low,9,,,,
1a3f5311-3c32-4663-a880-aaaf1510c9fa,drachm.gg,available,,,high,high,6,,,,
a78e2c64-658e-4bd6-8ecd-a8474c2555a5,political.gg,available,82.98,,high,low,9,namecheap,,,
0649529c-cdf2-4f2c-981a-8d5eaa188da2,politely.gg,available,82.98,,high,low,8,namecheap,,,
534bfa95-9d29-45ef-84a6-1d1d048883cf,unshackled.gg,available,68.98,82.98,high,low,10,namecheap,,,12/09/2026 04:58
68281047-46cb-4bda-9d1d-5da07aa2eb6f,fabrications.gg,available,,,high,low,12,,,,
4c652f35-f795-4702-a96c-1bf4f1a14bbc,recognises.gg,available,,,high,low,10,,,,
4c5a2d51-dd13-4ac7-8ec7-5f95a2624f59,alcohol.gg,available,82.98,,high,low,7,namecheap,,,
c36c7905-3c1d-4cc5-98ab-aefbc2cac97f,closeups.gg,available,,,high,low,8,,,,
46aaab12-e717-46fa-b264-f691c650dfcc,novorolsky.gg,available,,,high,high,10,,,,
80cb5a9b-3e36-4b20-a358-b43f204869f6,repeated.gg,available,82.98,,high,low,8,namecheap,,,
01206071-cd62-4be9-8d89-bb348bff1bd2,etruck.gg,available,,,high,high,7,,,,
4b407f47-d2c5-4dcf-86e7-4c2576456515,earthmoving.gg,available,,,high,high,11,,,,
b0a3f4ad-ff08-40c6-af50-f273930eecaa,tradesperson.gg,available,,,high,high,12,,,,
5b496334-b75f-4b4c-8f14-8c35e81e1850,darer.gg,available,,,high,high,5,,,,
c66098f1-52bb-4647-91ca-4567da4fedf9,formica.gg,available,,,high,high,7,,,,
dca79e8a-bdda-4cbf-a4b4-96848be95b51,conquest.gg,resell,,,high,low,8,1API (http://www.1api.net),,,
207e0a5c-bed3-4c89-ad2c-ec3b3a5575b3,procrastinate.gg,available,82.98,,high,low,13,namecheap,,,
fc64cac2-8273-46f0-b32e-e389873a2bfa,bodyhacking.gg,available,,,high,medium,11,,,,
969ca70e-42dc-4219-b599-3a68ed3dcc3e,supremo.gg,available,,,high,high,7,,,,
eb81886f-81a9-4bd3-80db-a108f755db5e,goosander.gg,available,,,high,high,9,,,,
daf585c9-8247-4293-a40c-3c7d80dc5522,delivering.gg,available,,,high,high,10,,,,
f48bde79-c07d-4d1b-958e-efd4deeb373b,falsifiable.gg,available,,,high,high,11,,,,
ca4c8f35-68e2-453c-a041-abc0fcf5c884,icegrass.gg,available,,,high,high,8,,,,
c7f78a15-fac8-4ad4-b6de-d323cdb2c3e9,tiled.gg,available,68.98,82.98,high,low,5,namecheap,,,11/09/2026 15:55
5b5fa82a-e5e2-45f1-a5f4-97b4c4702fa3,chiles.gg,available,,,high,medium,6,,,,
7b49f34e-5500-43f4-9203-b4027efe1b16,call.gg,resell,,,high,low,4,Chang Wen Ling t/a private.tw (http://www.private.tw),,,
518fc449-f057-47c5-b25b-2042b8defd98,interosculation.gg,available,,,medium,low,15,,,,
898d1cec-f274-4d5f-9590-529de3eb085b,avert.gg,available,,,high,high,5,,,,
f1fc94af-2b7e-449e-9189-d86e748c49a3,nondualism.gg,available,,,high,low,10,,,,
b703593c-2c1a-43a8-bfab-4ac62f5a04ba,trumpeting.gg,available,,,high,high,10,,,,
7fe7d8e8-4ad9-4a91-b3f5-25cd2d394764,parliaments.gg,available,,,high,low,11,,,,
5b9e9fcb-67bc-44b0-9fbe-8189baf67e11,schoolroom.gg,available,,,high,medium,10,,,,
3c47f336-2864-47ca-84b1-367e193d505c,weymann.gg,available,,,high,high,7,,,,
857ad1cd-5aa8-4702-8adf-9ef975ba3a45,infotech.gg,available,,,high,high,8,,,,
ab366ab5-fe21-4f9d-a906-051544029e55,groupings.gg,available,,,high,low,9,,,,
61208d07-685a-46e2-a704-44fe8852ebee,solidified.gg,available,68.98,82.98,high,low,10,namecheap,,,10/09/2026 13:41
1e7d6931-4559-4fa6-bfa6-c3b9eb29d735,landfall.gg,available,,,high,high,8,,,,
216870de-1842-4f5a-aa39-f4415df827c5,lowering.gg,available,82.98,,high,low,8,namecheap,,,
9df549d7-5327-466f-8b92-50c07579cccd,overwhelming.gg,available,,,high,high,12,,,,
bca846bd-abfb-4025-8f22-2558c7d4caf7,breviloquent.gg,available,,,high,high,12,,,,
109ad154-c393-456f-a427-1ad612b9f411,filleting.gg,available,,,high,high,9,,,,
42ff2766-3723-4753-b7a0-fb8a0f2204d1,elsa.gg,available,,,high,medium,4,,,,
b88f713e-d95d-46a3-9f14-5f8d68ecb0eb,warehouse.gg,resell,,,high,high,9,1API (http://www.1api.net),,,
1f720988-23c1-4825-9bb1-53bf576bf04b,spritzer.gg,available,,,high,high,8,,,,
223caea9-2876-481b-9982-d444f2ba970d,coore.gg,available,,,high,high,5,,,,
9daf5dff-bea0-4923-bffa-6b1043517c36,uptake.gg,available,,,high,high,6,,,,
211b7b87-ad57-462d-989e-e98deba50f49,nozzle.gg,available,,,high,high,6,,,,
376f8c97-25ae-415b-9e39-e9ca2cd5faab,aloof.gg,available,68.98,82.98,high,low,5,namecheap,,,
3a3535bb-5d1d-457c-8f72-5cbe69491c5b,together.gg,resell,,,high,medium,8,Enrapture Limited (https://enrapture.gg),,,
30537a27-af93-464b-aeaa-daa769c71232,copyrighter.gg,available,,,high,high,11,,,,
1b087034-9694-4899-9182-83b6a52a4e7d,freewrite.gg,available,,,high,high,9,,,,
f837251d-9486-407d-a1c5-7d710e8c941d,dateline.gg,available,,,high,medium,8,,,,
c9d0cef3-da8c-4b25-aee6-77d596fb0c5d,untwisted.gg,available,68.98,82.98,high,low,9,namecheap,,,12/09/2026 21:56
3a813abe-40ad-46c0-b4ca-7a8acb33eb20,vocab.gg,available,,,high,high,5,,,,
1f1b2bed-2ce3-4fb5-9ef1-80bf58c17ac2,structured.gg,available,68.98,82.98,high,low,10,namecheap,,,10/09/2026 22:50
bc0e6c65-dd73-41d8-bfd4-c952bbb097a6,incorruptibly.gg,available,,,high,high,13,,,,
bd661819-e3d6-4113-86b8-b464df0e38a0,animations.gg,available,,,high,low,10,,,,
a9583f65-1db0-44a5-8d15-c36812580a18,cosmo.gg,resell,,,high,high,5,Dynadot Inc. (https://www.dynadot.com),,,
3c88c430-5314-4ef1-8b8b-f4cd36c2457f,festal.gg,available,68.98,82.98,high,low,6,namecheap,,,18/08/2026 02:13
5931b151-1eaf-45b8-ba7b-73588749977d,chihiro.gg,available,,,high,high,7,,,,
6579eb0b-d393-447f-a97a-e2059a5fa589,tierce.gg,available,68.98,82.98,high,low,6,namecheap,,,
59747e70-776d-41ae-92e2-d55472b299f0,tampan.gg,available,,,high,high,6,,,,
19fb69f1-bc70-4335-a0f7-e9ed857976e4,wining.gg,available,,,high,high,6,,,,
b67a936c-057e-4d34-9ac1-acec5100e5a7,automobile.gg,available,82.98,,high,low,10,namecheap,,,
d1ed904a-ad6a-4b48-ae09-3bd15bbd2b7b,towers.gg,available,,,high,high,6,,,,
2c6ce47f-6432-4171-9e64-df777ff53740,corset.gg,available,,,high,high,6,,,,
f1c401ab-001c-4077-91ce-f832ebb3446b,reattaching.gg,available,,,medium,low,11,,,,
435861bb-e618-43cd-bd98-c6a98c6d45b0,musketeer.gg,available,,,high,high,9,,,,
4dc624aa-0f33-4ead-a591-444335f1c018,tyrannosaurus.gg,available,,,high,medium,13,,,,
6b18534c-49ba-4e70-89d7-5c5b156d1ef0,europop.gg,available,,,high,low,7,,,,
bd0eff4f-d8ad-43b9-abe5-d90d11eb9a0e,secularist.gg,available,,,high,high,10,,,,
7f4d88ca-e7bc-4754-b113-07c8d09a1e92,sinker.gg,available,,,high,high,6,,,,
64f12ec5-7495-4ec7-b5ab-56f7d32b7e3f,heifer.gg,available,,,high,high,6,,,,
a86ed483-6207-472a-bcfe-cba712f78209,enfranchised.gg,available,,,high,high,12,,,,
ee9c220f-e14f-4b39-b483-69b3a235ca81,rosella.gg,available,,,high,high,7,,,,
19863b81-2bfe-4b6c-a655-7e78e5846342,silicious.gg,available,68.98,82.98,high,medium,9,namecheap,,,10/09/2026 08:08
489f52e2-6f61-4304-87c6-d72463a16d31,superscript.gg,available,,,high,high,11,,,,
4f97fbb2-0d8b-45cd-9c71-1371d7c14f34,glassfiber.gg,available,,,high,high,10,,,,
7e06da37-0ac9-4445-b50b-f09d03fe3e7e,antidiuretic.gg,available,,,high,high,12,,,,
07945a18-a3ef-4ca1-8ab3-93066cbb45fe,telomeres.gg,available,,,high,low,9,,,,
07a8cc0d-7aaa-41bf-9a61-1671b9de937d,philippa.gg,available,,,high,high,8,,,,
15804698-a9dc-4164-8a3a-979b47a86c5d,nannette.gg,available,,,high,high,8,,,,
9dc3b422-932a-49a0-9920-8ef9584d5d23,artisanry.gg,available,,,high,low,9,,,,
eec9150e-add9-4cd2-94ec-c0614fe77378,rite.gg,available,,,high,high,4,,,,
f3361e70-dcb0-41c4-8631-f6f9589cec8f,safely.gg,available,68.98,82.98,high,low,6,namecheap,,,16/09/2026 00:26
7312e1e5-d59a-4665-ad1a-2954412d4793,westmorland.gg,available,,,high,high,11,,,,
a3656b1e-bfaf-474f-be7c-1bac8c660fe1,wigs.gg,available,,,high,medium,4,,,,
851d332d-e07d-4e69-a17a-97719cdef470,pelvises.gg,available,,,medium,low,8,,,,
fcc2996a-dedc-4f1e-aaeb-824e20e53c0e,instructively.gg,available,,,high,high,13,,,,
d761725c-2cd4-4014-94e4-cf036a0dcf04,muskian.gg,available,,,high,high,7,,,,
19b64ecc-3046-45a7-81bd-b95d781c1f2f,insectproof.gg,available,,,high,high,11,,,,
01788f1e-3fdd-40da-a87d-1b10a5877882,urologist.gg,available,,,high,high,9,,,,
0f79c2d2-c27c-435b-a103-995e1d6534ce,tweeter.gg,available,,,high,high,7,,,,
c0e9ca8d-5926-495a-9e7b-644f1d2ac49a,preliminary.gg,available,,,high,medium,11,,,,
b0b28e0b-9678-45ac-b065-9a8d133f0562,promising.gg,available,82.98,,high,low,9,namecheap,,,
3020f092-e531-4de0-97f8-f84fb3e70e5e,superconductor.gg,available,,,high,high,14,,,,
08d12b62-e801-4d40-833c-5340dbe38d6a,openness.gg,available,,,high,high,8,,,,
16439a79-fffe-479c-b938-5ca2e65b652e,brisbanian.gg,available,,,high,high,10,,,,
0e498291-025d-44b8-ab39-35ce9b2394ae,pentagrams.gg,available,,,medium,low,10,,,,
169b13eb-855d-4d09-a348-5957cd9f4fed,breakups.gg,available,,,high,low,8,,,,
241a75eb-a3bf-46fe-9f0c-b4ac9f10ba75,savegame.gg,available,,,high,high,8,,,,
61d553f7-93f8-431b-9a3a-ecd9b97a7ac9,matron.gg,available,,,high,high,6,,,,
92e115a7-3ecb-48c6-8a1c-0373a1c4c52f,hoosier.gg,available,,,high,high,7,,,,
c02ba60b-3659-4d9a-8de6-32088704d53a,woodman.gg,available,,,high,high,7,,,,
963d24fe-54a6-4c49-8e94-bb1769b04544,fetchingly.gg,available,,,high,medium,10,,,,
69a1e39a-871c-4493-a74d-e39c5b22c5fd,depathologize.gg,available,,,high,high,13,,,,
d73d677f-2b11-4dbd-8420-ce1e10d7e1e1,seven.gg,resell,,,high,medium,5,Porkbun LLC (https://porkbun.com/),,,
946124fc-740e-4330-8f14-2b78e13eae34,southhampton.gg,available,,,high,high,13,,,,
8ca84119-ebf5-478e-a9f3-86ea79397735,karateka.gg,available,,,high,low,8,,,,
493c286a-c04b-47de-8e53-8603768fa1f4,waiters.gg,available,,,high,low,7,,,,
93b09c17-e34d-4f3c-8a85-63a24383b970,shape.gg,resell,,,high,low,5,Docky Company (https://docky.ly),,,
ddfedf34-d914-45df-9746-03d77d2693b9,samaritan.gg,available,,,high,high,9,,,,
73ffd21f-6e86-44d8-aa30-c1fe1af5e338,indulgently.gg,available,,,high,high,11,,,,
0df7f922-76f5-4089-b83d-ecfab20f32ce,seles.gg,available,,,high,high,5,,,,
1dff9d07-b2a8-4f54-812d-e905b9701971,nonuser.gg,available,,,high,high,7,,,,
185dd773-8443-4057-ab40-2dd0412824cc,kernel.gg,resell,,,high,low,6,GoDaddy.com LLC (https://www.godaddy.com),,,14/09/2026 23:39
97cf44af-0849-46d5-8aec-19b9633fdfd5,crockery.gg,available,,,high,high,8,,,,
bb61dcd7-e3d7-458d-9ed9-52e7aeb245f4,lxxxii.gg,available,68.98,82.98,high,low,6,namecheap,,,
c0fad1e5-701a-47fc-a8cd-e9a00faf824a,cougars.gg,available,,,high,low,7,,,,
a6493b4c-4d17-495c-b1d4-ce37494b4fad,shutout.gg,available,,,high,high,7,,,,
b859685e-46ed-4915-aa68-5ccf6600e45e,incarnadine.gg,available,,,high,high,11,,,,
b2b5d895-5881-42ac-b7d6-12ad51dac031,comisene.gg,available,,,high,high,8,,,,
d66ca569-24e1-4e26-86c9-4b89b38de02e,citation.gg,available,,,high,high,8,,,,
f5d63d60-1a7a-4e62-96de-3854555723cb,unscissored.gg,available,,,medium,low,11,,,,
b4c8f1f4-4c60-4992-ba54-2d1046b6dab1,akeem.gg,available,,,high,high,5,,,,
eec41a10-cfca-4e52-9f33-8baf79eccb35,firecock.gg,available,,,high,high,8,,,,
dbc32907-b14b-4d18-9897-60f10b23d75d,bouvet.gg,available,,,high,high,6,,,,
a43de056-094c-4df0-8c28-96da8d819157,profiterole.gg,available,,,high,high,11,,,,
502702a0-fa75-4719-8daa-06ea0345fb1c,stephenie.gg,available,,,high,high,9,,,,
4a95be2b-a30e-4c85-8efa-7eddfc183951,plata.gg,available,,,high,low,5,,,,
f2c373f5-81ea-4fdb-8ad6-fd587ab6d6af,drinkworthy.gg,available,,,high,low,11,,,,
3496ae5a-f0db-452e-beb9-81d54da9b8b7,studentships.gg,available,,,high,low,12,,,,
0849da52-7d2c-4d95-83fd-b297a075be85,granter.gg,available,,,high,high,7,,,,
bfe06956-5f92-4ed9-8da7-c62338070dc1,atyd.gg,available,,,high,high,4,,,,
c01dee2a-1fa2-4213-b78e-91f5624966f9,huntress.gg,available,,,high,high,8,,,,
ba1c199c-2d2d-46aa-9e5e-3d7df46b9616,divinister.gg,available,,,high,high,10,,,,
19dc7427-fd89-4662-8d40-85bdaca18d61,mackenzie.gg,available,,,high,high,9,,,,
338d6515-fb4b-4980-b9f9-6bce8eed4574,midblock.gg,available,,,high,low,8,,,,
840245da-ae7b-4561-8560-19784f4ddaf9,bead.gg,available,82.98,,high,low,4,namecheap,,,
17737a43-f96d-4397-b709-7625fe4df6c9,classroomful.gg,available,,,high,low,12,,,,
3740852d-f119-4d3f-b067-f46deba6af01,commentator.gg,available,,,high,high,11,,,,
96262eec-c7a0-4428-a5e3-e18a453da4c3,vaulting.gg,available,68.98,82.98,high,low,8,namecheap,,,04/09/2026 21:34
6918a3d1-1e57-4f7e-a8f3-5bba45f00175,stepped.gg,available,,,high,low,7,,,,
219afdfd-aef4-4861-a544-e58ac6da16e8,dram.gg,available,,,high,high,4,,,,
5732bd69-6449-484b-9ba4-c3282be73338,trustful.gg,available,68.98,82.98,high,low,8,namecheap,,,11/09/2026 20:45
779a2135-6064-4ec2-97b7-d7de79a20ed7,shrubbery.gg,available,,,high,high,9,,,,
f4f4073c-5edf-47bb-9006-7226f793111d,muffle.gg,available,129.99,129.99,high,low,6,name.com,,,13/08/2026 16:49
e51a380a-309f-440e-afed-965908e19b27,nonpareille.gg,available,,,high,high,11,,,,
58ec698b-1bf0-4931-91af-6c09fed7c3a6,stair.gg,available,,,high,high,5,,,,
c95011f0-e4f1-4526-873d-75bea58412dc,austroasiatic.gg,available,,,high,high,14,,,,
c7d75314-3d56-46d1-90af-98557dcf5184,bearable.gg,available,68.98,82.98,high,low,8,namecheap,,,09/08/2026 04:27
4db888a8-b4d9-4f0b-becc-245cf73f69bb,hispaniola.gg,available,,,high,high,10,,,,
6de5ed28-bbe7-4b8d-b238-4295d28b902f,skytime.gg,available,,,high,high,7,,,,
7b2b9c11-b7de-4d0e-bbc5-5dc15fef4064,narrowhead.gg,available,,,high,high,10,,,,
a43383e2-8ae6-40b6-9cbb-a1072e0ec922,gosainthan.gg,available,,,high,high,10,,,,
47ea44dc-c3e6-4d95-9259-a5bc2fa2142e,skywalk.gg,available,,,high,high,7,,,,
818f5e66-ae33-461c-9f2a-b8eed7715b54,graecoaryan.gg,available,,,high,high,12,,,,
bc16b9f4-08bc-4b61-9389-f73267d141c9,kingwoods.gg,available,,,medium,low,9,,,,
4eed8e70-d9b5-49d9-97d2-5fd25a9b48b6,restructuring.gg,available,82.98,,high,low,13,namecheap,,,
5321f62c-f9f5-4c04-a34a-2eda5dc78dcd,sham.gg,available,68.98,82.98,high,low,4,namecheap,,,07/08/2026 08:06
ac368813-0a50-4a15-944e-c8235e0d8365,lessee.gg,available,,,high,high,6,,,,
a066a2c7-a67b-4db8-8e31-fa392220f789,plasticine.gg,available,,,high,high,10,,,,
e5ee3366-2d02-4ee4-8301-f5fc24ac433b,supped.gg,available,,,medium,low,6,,,,
91be99fc-3eb6-495c-a2fa-baee19240cd9,senses.gg,available,82.98,,high,low,6,namecheap,,,
011fd104-f861-402a-b397-76efa69cc0e0,dials.gg,available,,,high,low,5,,,,
904fd766-da0c-4567-b590-e222946ad217,stork.gg,resell,,,high,high,5,Sav.com LLC (https://www.sav.com),,,
f389f460-5711-4b29-871c-db16147c3469,coping.gg,available,,,high,high,6,,,,
1bfdd1d1-2690-4639-9609-f0a3dcd83364,scottishly.gg,available,,,high,high,10,,,,
d1fda4d4-cd00-46b8-ad22-d023a86dd67f,lithe.gg,available,68.98,82.98,high,low,5,namecheap,,,24/08/2026 00:26
df04b472-e7f5-44cf-838e-27137a4c7906,madeleine.gg,available,,,high,high,9,,,,
22950827-5c03-4b84-8d2a-aa7add22452c,revolves.gg,available,,,high,low,8,,,,
3781a696-cb40-4c8f-a6e7-3e7eb4bf0012,accusive.gg,available,68.98,82.98,medium,low,8,namecheap,,,
4b9a0d26-24fc-44d5-b730-7f0e38839084,ranee.gg,available,,,high,high,5,,,,
fecb40fc-a7f3-4eba-9c2a-96e2742c8094,unseal.gg,available,,,high,high,6,,,,
9eb8f945-fa1c-4858-aec9-1b0dba5152b8,comecon.gg,available,,,high,high,7,,,,
5ba01d49-9fd0-422c-b43f-086569b821bc,evocative.gg,available,68.98,82.98,high,low,9,namecheap,,,17/08/2026 15:14
3c2e1c8b-4a94-43af-9af0-1f77d80fd2e5,liberators.gg,available,,,high,low,10,,,,
a3aa0eac-bd0f-47c6-9427-82bc9762c953,kisly.gg,available,,,high,high,5,,,,
06e0ce6a-c8e5-4469-8bd2-c9e67c8942fb,scattershot.gg,available,,,high,high,11,,,,
53c2761a-c777-4f04-ba28-fe35bccb4eaf,crystalliferous.gg,available,,,high,high,15,,,,
341d44a1-a397-425f-b599-22e1b0fe50e6,mouthwateringly.gg,available,,,high,high,15,,,,
4f0be340-81d3-4a88-ba68-83cd2a626d6f,bajillions.gg,available,,,medium,low,10,,,,
177ae6fa-a6c8-4510-a9c3-ad1ee268712c,find.gg,resell,,,high,medium,4,1API (http://www.1api.net),,,
37038139-5a00-4d3d-a6ec-679f5ae6c96b,minimart.gg,available,,,high,high,8,,,,
94647a9f-f97b-4a49-b36d-838780984f03,marxist.gg,available,68.98,82.98,high,low,7,namecheap,,,10/08/2026 17:53
56bc3c3e-29b7-4b3a-8acd-bf7666af4cc9,malachias.gg,available,,,high,high,9,,,,
360b0954-d538-4c80-9373-09d02b907217,affixal.gg,available,68.98,82.98,high,low,7,namecheap,,,
f82107b6-31f0-472e-a4d5-fadcf5b3e6ab,juggling.gg,available,,,high,high,8,,,,
b63389c6-add3-4973-b341-9fe7d52cfe46,kaching.gg,available,,,high,high,8,,,,
b0e46539-eabf-4849-817c-ad98117287a4,ccc.gg,resell,,,high,medium,3,West263 International Limited (http://www.363.hk),,,
e2012ed0-5936-442f-83f8-8914fe5eb8bb,articleship.gg,available,,,high,high,11,,,,
ccce95ec-7f29-4423-93f7-0dda743f62e8,coquette.gg,available,,,high,high,8,,,,
2458d3cb-587a-44a7-a038-e541b16c5151,busily.gg,available,68.98,82.98,high,low,6,namecheap,,,14/09/2026 01:53
35dc229d-208d-43ff-8c2a-c313359aa2c1,eloquently.gg,available,68.98,82.98,high,low,10,namecheap,,,13/09/2026 20:54
445532d5-7b06-437d-a04e-3769e8c07117,kinhu.gg,available,,,high,medium,5,,,,
9c25049c-c8a5-4295-8ff0-8e01473b1b8f,olympian.gg,resell,,,high,low,8,"Web Gnomes, LLC (https://www.webgnomes.org)",,,17/08/2026 16:01
7b3a2382-58db-451a-af99-1eff8f775faf,earmuff.gg,available,,,high,high,7,,,,
3e9ef1ca-95fb-4bef-a969-77d70184f6b2,snowshoe.gg,available,,,high,high,8,,,,
1be14cad-0491-422e-9664-4c013bce4f15,brecciate.gg,available,,,high,high,9,,,,
07313e1f-6440-4999-902e-8880115b3e1b,cornstalk.gg,available,,,high,high,9,,,,
40b442b7-3b77-42db-b72b-b6ec4400ab0a,peeps.gg,available,,,high,medium,5,,,,
342827dc-f1cf-4080-917d-40e27886800a,nxt.gg,resell,,,high,high,3,Dynadot Inc. (https://www.dynadot.com),,,
fc2be182-dd5e-49c5-b283-acba9d469d8c,theorizer.gg,available,,,high,high,9,,,,
3ddc2083-b43a-479c-91e1-7318d581c36e,syllepsis.gg,available,,,high,high,9,,,,
0c242190-6889-4b6d-8f4d-b7bf5e699f92,preexistence.gg,available,,,high,low,12,,,,
15f31981-164f-4916-ac9b-5f3d09806ce4,couches.gg,available,,,high,low,7,,,,
5ed0c2ed-8ced-47be-8b35-ad1085a7149f,natal.gg,available,68.98,82.98,high,low,5,namecheap,,,03/09/2026 13:37
631fa67c-7dba-4b5b-81da-2a2a52a40014,cominetto.gg,available,,,high,high,9,,,,
55501e39-d214-40b8-86f7-0151cf054fe2,westow.gg,available,,,high,high,6,,,,
f19a03fc-9542-465e-b061-89c10ce02f72,knowledgelike.gg,available,,,high,high,13,,,,
4797d62f-0db2-4307-b709-4797e5616d70,freeways.gg,available,,,high,low,8,,,,
360a8118-a3e5-4e0a-bb6a-e08c114f7e06,humidifier.gg,available,,,high,high,10,,,,
7de1ffbe-a893-4db2-bee8-beae9a531bf1,appropriated.gg,available,,,high,low,12,,,,
a7e8e593-1418-4473-bb6d-83a69e8d5d06,mists.gg,available,,,high,medium,5,,,,
1c8eb307-7074-4e46-9d66-e999d90a011a,countrywoman.gg,available,,,high,low,12,,,,
02dea72e-1e22-486c-bbf0-bd006fbcfe57,nikis.gg,available,,,high,low,5,,,,
8c63fc25-663a-4480-8c5a-1b178a0db947,variation.gg,available,68.98,82.98,high,low,9,namecheap,,,03/09/2026 11:43
c343ba1f-51e2-4540-951c-85b351b2cfce,several.gg,available,82.98,,high,low,7,namecheap,,,
891aab54-8708-4a68-9cdd-1dde1177b0b5,claud.gg,available,,,high,medium,5,,,,
3f69c34d-2baa-4a4e-aebe-45f248f72631,coupled.gg,available,68.98,82.98,high,low,7,namecheap,,,12/08/2026 22:15
2aa256b2-e84c-4453-9447-05746116a924,sequestered.gg,available,,,high,high,11,,,,
ef1c3cdd-e3e2-4f0c-b95f-7ea08708e72c,friendmaking.gg,available,,,high,low,12,,,,
66d094e0-946f-4fe7-b7d4-7f6825c58d0b,approbate.gg,available,,,high,high,9,,,,
317187a1-fb04-4826-8f3b-fc09a263c411,efficiently.gg,available,,,high,high,11,,,,
777cc91d-6748-4445-acb0-0f6917884e51,rerecord.gg,available,,,high,high,9,,,,
fd86bbda-d0d7-4dcb-b5ef-35194cf0d518,techno.gg,resell,,,high,low,6,Porkbun LLC (https://porkbun.com/),,,
a77c2adc-b28c-43ce-8189-3345f2dfff75,wto.gg,available,,,high,high,3,,,,
3e079dd0-42c4-4b31-abef-d137f55e05f9,abdollah.gg,available,82.98,,high,high,8,namecheap,,,
d48ab7de-6ada-4723-b539-0da6920c4204,indulging.gg,available,68.98,82.98,high,low,9,namecheap,,,05/09/2026 00:26
3a180661-42a5-4e9c-844a-0697940f9c58,trisyllabic.gg,available,,,high,high,11,,,,
72a55eb1-b97e-4c84-9d64-b83a66df367b,actuals.gg,available,,,high,medium,7,,,,
c7dee3a6-1b86-4469-8205-e0f902254ef4,seasonal.gg,available,68.98,82.98,high,low,8,namecheap,,,10/09/2026 00:58
5115e595-b725-4d1a-8f41-e1d4cfb5d0fe,multitude.gg,available,82.98,,high,low,9,namecheap,,,
d93495ef-782c-41b0-81dd-f5e4857c8990,pausing.gg,available,,,high,low,7,,,,
008e47fb-dd2a-4d9a-aee7-1cc884b1e41a,galloway.gg,available,,,high,high,8,,,,
dc15c34b-15b5-4585-818f-2b064970d25a,shrimping.gg,available,,,high,low,9,,,,
d64d9da7-eec3-4759-b2f9-899d8d533a26,reexaminations.gg,available,,,high,low,14,,,,
89452b03-bc94-4bcc-af91-a28d18ebd302,laughed.gg,available,,,high,low,7,,,,
7c8cf019-fb50-4a8f-8e4c-6df74c98473e,cloakroom.gg,available,,,high,high,9,,,,
90c4e17c-896d-4f6a-9242-c1a81c3742b4,kizior.gg,available,,,high,high,6,,,,
7d6ed2a9-ce11-467d-a18d-db7364bbec00,hangaround.gg,available,,,high,high,11,,,,
b941b57a-d7be-45ec-85a5-955aedbcafc7,venezuelan.gg,available,68.98,82.98,high,low,10,namecheap,,,13/09/2026 02:04
4432a322-9d07-4ac6-9396-8dcfd36c6f73,motorboating.gg,available,,,high,low,12,,,,
9a69c2dd-67db-49ab-a685-0ad69bfff748,ideologic.gg,available,68.98,82.98,high,low,9,namecheap,,,21/08/2026 18:04
8c2159fa-a8ff-4dd5-8e53-018e8301f58a,uncmac.gg,available,,,high,high,6,,,,
8f128ebc-6eaa-4555-92fe-d339a5894cdd,westerham.gg,available,,,high,high,9,,,,
d86c514a-f0fc-4aae-8e7a-6963f4203b3f,baboushka.gg,available,,,high,high,9,,,,
99973ec6-a520-4a4d-9cf2-643d6bfef9f6,pondage.gg,available,,,high,high,7,,,,
e5527ce3-f5fc-4283-8374-501e65ed7817,cio.gg,available,,,high,high,3,,,,
807283c9-a02a-4d15-a816-3dbb6dfc7d8b,persuading.gg,available,,,high,high,10,,,,
b03ee768-e21c-4438-bfa9-5691825d46c0,quesadillas.gg,available,,,high,low,11,,,,
41c0e506-6088-4257-94da-bca8fc4548c5,bankrolling.gg,available,,,medium,low,11,,,,
59104e57-a7c9-4500-8497-cae1e21f80d9,sheepherding.gg,available,,,high,high,12,,,,
6fecf63a-918c-433f-8f14-77fa01c4f2d1,baguette.gg,available,82.98,,high,low,8,namecheap,,,
0347f02a-b748-4711-84b0-6324642a30eb,chose.gg,available,82.98,,high,low,5,namecheap,,,
f4268fff-f26d-4269-9346-e8842d6f45cc,riposts.gg,available,,,medium,low,7,,,,
cbd78f01-a1ed-432e-9db0-3d02185fc931,counsel.gg,available,,,high,high,7,,,,
e8bd822d-4e3b-4b5d-a7f2-7da3db928ac6,anti.gg,resell,,,high,low,4,Dynadot Inc. (https://www.dynadot.com),,,
4957048e-ece0-4da9-9af5-c4b89bd493bc,snowdrops.gg,available,,,high,low,9,,,,
4e47acad-1d2c-4f6a-8abb-9445a39e8a56,volunteered.gg,available,,,high,low,11,,,,
676461c6-2484-4769-bc72-933ad952ef93,nibbled.gg,available,,,medium,low,7,,,,
4a0b8e87-a9c4-404a-a6fd-c3e885925e0c,ringers.gg,available,,,high,medium,7,,,,
38e61a15-7a20-461f-abfa-1235ed2b2e83,pitta.gg,available,,,high,high,5,,,,
994d8aad-c612-4225-80aa-85bbac4f8b34,fosterage.gg,available,,,high,high,9,,,,
63609f39-86ef-48aa-a114-6f8019893dad,sensical.gg,available,,,high,high,8,,,,
633df768-57a1-4873-ab19-92e8fbb260dc,ample.gg,available,68.98,82.98,high,low,5,namecheap,,,
ac1f3e78-28cb-4e98-93b0-ab56783a6a27,atton.gg,available,,,high,high,5,,,,
e21bb1ad-f400-47ca-8326-0e47982216be,manlike.gg,available,68.98,82.98,high,low,7,namecheap,,,24/08/2026 14:48
c9b2bc4c-1c1c-458b-9f7d-d4634cad6dc2,hitchhikers.gg,available,,,high,medium,11,,,,
b2aaa0b6-8c34-49e2-9893-4fe891679c1b,surya.gg,available,,,high,high,5,,,,
24fcdc92-beb6-49f8-8112-143759c610e4,bathrobes.gg,available,,,high,low,9,,,,
5af6503b-35a2-4a2b-9baa-acbac8ffa850,unfading.gg,available,68.98,82.98,high,low,8,namecheap,,,12/09/2026 09:53
9231151d-0996-4763-b831-b2e1f1525cdc,belizean.gg,available,,,high,high,8,,,,
493dd4c2-30c1-4818-98d0-fbe68fda1926,waxmaking.gg,available,,,high,low,9,,,,
8f9fbfe3-467a-4377-ac70-fe629f711ce1,monroe.gg,available,,,high,high,6,,,,
ca2d0d60-478c-41eb-ad4f-94d357a17cb0,wetumpka.gg,available,,,high,high,8,,,,
4ab81da0-ecf3-462b-bbd0-29d66d82111c,hybrid.gg,resell,,,high,low,6,Dynadot Inc. (https://www.dynadot.com),,,
eb156137-4bc5-4950-b245-39b1bba7bb77,equivalently.gg,available,,,high,high,12,,,,
99b3f73e-a5d4-4173-bdd4-7c74143e5948,waterbuck.gg,available,,,high,high,9,,,,
ab928686-5766-4e88-b95e-379400f86b9d,indestructibly.gg,available,,,high,high,14,,,,
e7faf60d-78aa-49c1-a28a-8a7d5444f3a5,rehabber.gg,available,,,high,high,8,,,,
c5276f14-bf3e-4277-b241-f1e9c1c2bdac,montrachet.gg,available,,,high,high,10,,,,
92e086c2-c87e-4fb8-b98c-df61d32788e1,risible.gg,available,68.98,82.98,high,low,7,namecheap,,,12/08/2026 19:02
ef124efa-147f-4656-bce8-fbf6319b201f,activating.gg,available,68.98,82.98,high,low,10,namecheap,,,
be379be9-de69-49fd-8145-6ac8c16696ad,nanowatt.gg,available,,,high,high,8,,,,
232535b9-be82-4870-8493-62d44e9e1536,usap.gg,available,,,high,high,4,,,,
98870fe8-74d5-4866-b32a-bdb1d2d00d85,tatting.gg,available,,,high,high,7,,,,
56319b44-7e4a-424e-bb8c-5a2e45809f74,rigmarole.gg,available,,,high,high,9,,,,
0aae30be-effa-45da-91e7-038798ccd038,vindication.gg,available,,,high,low,11,,,,
7c8474d9-0355-40fe-be2e-1968ef30c47b,titicaca.gg,available,,,high,medium,8,,,,
f64a0ed4-1e8c-4cb5-94d3-a343c1a37d40,carbonite.gg,available,,,high,high,9,,,,
d257af37-312c-4f0f-a41e-0d66edc3e023,jammies.gg,available,,,high,high,7,,,,
13d56aac-386b-4d79-8bae-1d95afd7e226,backtransliteration.gg,available,,,high,high,20,,,,
dfb211d4-80c7-4dfc-874e-3d681ce7f0cd,comix.gg,available,,,high,high,5,,,,
45b18da5-3411-4738-9ca5-f8cb6e4f46db,slippier.gg,available,,,low,low,8,,,,
f6049915-9c47-42f7-9205-3b01b6f1e81c,watercraft.gg,available,,,high,medium,10,,,,
9411ef03-69b3-4356-8881-3dfdaf41cf86,glasnost.gg,available,,,high,high,8,,,,
f35cd079-de90-4cd7-9c55-ccb7f4fd8213,vhsc.gg,available,,,medium,low,5,,,,
fec29de4-4cba-412a-97be-3fd7bb5779ad,gush.gg,available,,,high,high,4,,,,
ed5a0b99-5f22-4cd3-9054-3d2764835580,snazzy.gg,available,68.98,82.98,high,medium,6,namecheap,,,10/09/2026 12:21
fb45eacc-2958-48ca-a12b-9d4b2aaf6e88,varied.gg,available,82.98,,high,low,6,namecheap,,,
d9a19464-78e0-45ec-bd15-f76c0359d7b5,deferrals.gg,available,,,medium,low,9,,,,
adbccc15-14a8-4546-aa30-b0fea709f061,hackney.gg,available,,,high,high,7,,,,
ecf34d78-231f-4d94-ac28-a170263b1c37,headlines.gg,available,,,high,low,9,,,,
e39f82c4-3f07-4459-87ae-17192a94a215,shiptime.gg,available,,,high,high,8,,,,
4d338317-937c-48fe-a811-2a4e00312433,casemaking.gg,available,,,high,low,10,,,,
eee95173-fec8-48be-89dd-e9052b156860,footed.gg,available,68.98,82.98,high,low,6,namecheap,,,18/08/2026 10:43
cc3cdbb6-d3d0-4643-a051-5f9a0f0f933c,snagged.gg,available,,,high,high,7,,,,
52ed4389-6870-40e0-af47-0fa15f3f6910,bromate.gg,available,,,high,high,7,,,,
e00b80a1-50c9-4918-a276-067e6352e48f,relabel.gg,available,,,high,high,7,,,,
f717ec5f-8a2a-4643-a9d9-fc2c9201ec42,galleon.gg,available,,,high,high,7,,,,
f0770fa9-66fc-41dc-ab81-882a42acc695,twosome.gg,available,,,high,high,7,,,,
efcd62c2-93a3-4ac0-8515-b23102cee467,decoherence.gg,available,,,high,low,11,,,,
a7a198e1-b519-44a1-86cc-6a4d41c9ac7d,luftgeschaeft.gg,available,,,high,high,13,,,,
166f2286-2d51-4add-8b74-a2d1ff005aaa,urbana.gg,available,,,high,high,6,,,,
834af185-df47-40d1-8517-6b192ade5b90,appendectomy.gg,available,,,high,high,12,,,,
b47746d9-80b8-445a-af52-0a1e96c69afe,strengthened.gg,available,,,high,low,12,,,,
742c5d63-2a9e-458c-8d26-7f1c5b5acb75,lamington.gg,available,,,high,high,9,,,,
4d1e535d-b6c5-4666-b604-4c889bc97519,blues.gg,available,82.98,,high,low,5,namecheap,,,
c0bf9e45-d19e-412c-80c3-dd4800210da5,shimmering.gg,available,,,high,high,10,,,,
04139242-40fc-42f8-be61-57be267288bb,milkos.gg,available,,,medium,low,6,,,,
2bea0e37-c6fd-4ed4-95e2-6815ec310839,woodlet.gg,available,,,high,high,7,,,,
4d8bd30f-dc0e-4773-90d5-bddcdf3c7164,grammatical.gg,available,,,high,high,11,,,,
25d88a79-6dbb-4325-b7ee-c349e6654206,posh.gg,resell,,,high,low,4,Enrapture Limited (https://enrapture.gg),,,12/08/2026 09:53
da27b036-3be0-48b9-85e9-b13fff618b90,irradiancy.gg,available,,,high,low,10,,,,
599c562e-3d56-4ea1-b83d-1273a6cf2f1f,spokeswomen.gg,available,,,medium,low,11,,,,
6b64f072-e1ad-4b4a-9455-829bea383877,bulllike.gg,available,,,high,high,8,,,,
029aa1f2-c59f-4901-8064-0daff22ae941,rococo.gg,available,68.98,82.98,high,low,6,namecheap,,,09/09/2026 18:12
a650a6ca-a319-4e1a-84a2-7720ff9773aa,charismatic.gg,available,,,high,high,11,,,,
6557987d-54ed-4f49-bc18-2d8527909320,romancing.gg,available,,,high,high,9,,,,
59657d23-2cce-4db5-b8e9-66c9569c0b07,plc.gg,available,,,high,high,3,,,,
8fb58e0c-70b1-4c44-9e7a-96378ff1460f,tenderhearted.gg,available,,,high,high,13,,,,
84d73c41-1870-40ca-a091-4251f50d70a2,thoroughbreds.gg,available,,,high,low,13,,,,
3977b0be-f278-4ab4-940a-36af87ce3b44,mulch.gg,available,,,high,medium,5,,,,
36209cff-a46c-4c91-9c38-4a10302aeace,specific.gg,available,82.98,,high,low,8,namecheap,,,
cc6dd393-8b73-43dc-9ccd-a908e64da9b3,tossing.gg,available,,,high,high,7,,,,
41b4e1ae-cfdc-426c-8162-7fea29fcf549,roars.gg,available,,,high,medium,5,,,,
1e71ef7e-8ac3-4c6f-80fc-708e94307f92,artifices.gg,available,,,high,low,9,,,,
5211b610-8e5c-446f-b66b-80e8c7aa651b,laconic.gg,available,68.98,82.98,high,low,7,namecheap,,,22/08/2026 18:14
b625eeb1-d137-42b7-995b-ae834e3f97aa,finely.gg,available,68.98,82.98,high,low,6,namecheap,,,14/09/2026 11:23
a26cd15d-4437-4211-8b9a-a73eecfd2b23,teamster.gg,available,,,high,high,8,,,,
1200750e-266e-4d67-881a-f9877812702b,merrydom.gg,available,,,high,low,8,,,,
8de14906-8219-4a71-898a-f48812e3d4fb,finer.gg,available,68.98,82.98,high,low,5,namecheap,,,18/08/2026 04:49
50a2981b-2d3d-4b19-896a-a9a0cdb356fc,frances.gg,available,,,high,high,7,,,,
c4b83318-18ad-4acf-8316-f738c652c331,trousers.gg,available,82.98,,high,low,8,namecheap,,,
c2a89397-fbab-4f46-b9ff-4b8e8267683e,gala.gg,resell,,,high,low,4,Dynadot Inc. (https://www.dynadot.com),,,
7db98927-d459-4756-9e7f-f1f9c38c53c6,missoula.gg,available,,,high,high,8,,,,
184dd197-899f-4133-9a01-49dfd76bb9e3,breeding.gg,available,68.98,82.98,high,low,8,namecheap,,,11/08/2026 03:36
8042ada5-d6cc-4dd8-9509-10ac5cb4c3aa,drummer.gg,available,,,high,high,7,,,,
2c905ea3-5e3d-4548-b333-79a31900d0df,parsers.gg,available,,,high,medium,7,,,,
7e40b453-9340-4ab4-a73e-4302d3ef7d47,effects.gg,available,,,high,high,7,,,,
aa037a1c-1eda-4457-b2bc-902150a9815b,gastronome.gg,available,68.98,82.98,high,low,10,namecheap,,,17/08/2026 10:44
a56eb6c7-b9cc-4446-9c19-523baaf3d6f3,lengthener.gg,available,,,high,high,10,,,,
8e0898b9-854d-49d3-8332-da50f1a61ee6,quaternary.gg,available,68.98,82.98,high,low,10,namecheap,,,
2058ee0a-1c53-4ffc-8494-16e5f1753b55,siobhan.gg,available,,,high,high,7,,,,
3ee2fc09-b33b-49d9-a57b-d856e9f11c28,conifer.gg,available,,,high,high,7,,,,
67b43cbd-18d9-4d00-a15c-4c902a58eb4d,condenses.gg,available,,,medium,low,9,,,,
626889e5-4791-46e6-aea5-073f7d1d1fba,swapover.gg,available,,,high,high,9,,,,
0423e6c5-6ecb-4ff0-9ca6-f3625e95c6f6,seabean.gg,available,,,medium,low,7,,,,
0936afeb-b170-442a-b10f-61da4ca0b3d0,milkbars.gg,available,,,medium,low,8,,,,
4e6a1d84-858c-4ce0-9d2a-3bde840661f2,abirritated.gg,available,,,medium,low,11,,,,
653e7013-fff8-456c-a397-d54fce354b1f,underwriting.gg,available,82.98,,high,high,12,namecheap,,,
eed98d5d-30a3-48b8-802c-be6acb33689a,congerville.gg,available,,,high,high,11,,,,
f12299a6-0645-46eb-b7fb-e50173339cc5,astronautrix.gg,available,,,high,high,12,,,,
e4a45441-49f2-4101-8f0b-22c96cc9a454,practical.gg,resell,,,high,low,9,Enrapture Limited (https://enrapture.gg),,,21/08/2026 00:29
2ce11980-6899-45db-a4a2-6a422f6a9b60,heartstopping.gg,available,,,high,high,13,,,,
27462d29-b9ee-41c0-8b76-99738cdf9bae,musicale.gg,available,,,high,high,8,,,,
e59cb677-9634-4832-aca8-bcc472230eb9,diverting.gg,available,68.98,82.98,high,low,9,namecheap,,,
1974a0ee-a49a-4209-bc0e-2285aec1e324,sprinkles.gg,available,,,high,high,9,,,,
16a13e77-146e-49af-952e-0ec223342853,pyrheliometry.gg,available,,,medium,low,13,,,,
c65347a0-24b5-4d6a-a8ca-712933a1d03d,inclinometer.gg,available,,,high,high,12,,,,
615e0380-7b71-44c4-ab3d-900b37207add,pluggable.gg,available,,,high,medium,9,,,,
77d1dca9-06f0-4371-a9ac-1a718c2e72b2,pastrymaker.gg,available,,,high,high,11,,,,
cd9c139f-5ada-4311-86c0-b2bbd15148bd,puppyish.gg,available,68.98,82.98,high,medium,8,namecheap,,,09/09/2026 06:09
7634751d-4b1d-45a4-87ed-f3fcbec7b262,repeatedly.gg,available,68.98,82.98,high,low,10,namecheap,,,15/09/2026 23:12
c73b9065-b3ad-4b3c-a390-127bf9a6d137,concludes.gg,available,,,high,low,9,,,,
112e22bb-9caa-41a7-a893-2474acdcbb97,bullishness.gg,available,,,high,low,11,,,,
f11c7428-7eab-43cb-bfd6-50c3e9b88ff7,lolling.gg,available,,,high,medium,7,,,,
62007629-8ae1-4311-8579-2c96181eb9b5,discuss.gg,resell,,,high,low,7,Sav.com LLC (https://www.sav.com),,,
e1ebc841-ce3e-4b88-972c-276bd6b8d322,dicks.gg,available,82.98,,high,low,5,namecheap,,,
62ddd385-1fc9-47f2-b350-eb23bc8c678b,kathmandu.gg,available,,,high,high,9,,,,
a4e683ff-af7b-47d1-9020-c3bcfd88aed6,linked.gg,resell,,,high,low,6,Sav.com LLC (https://www.sav.com),,,
0442bbd8-ad66-423e-ac49-eaf496d3a0f9,pedalboat.gg,available,,,high,medium,9,,,,
cbc450b4-02ce-44ac-98b2-73b009b5e1c6,audiologist.gg,available,,,high,high,11,,,,
dcee33d9-a7e2-458d-8c93-4005b251883f,diag.gg,available,,,high,high,4,,,,
f21defe7-f4e5-4434-b117-e73375c1279a,platonic.gg,available,68.98,82.98,high,low,8,namecheap,,,08/09/2026 20:53
004d023c-a24f-447a-b153-0efa87c2d9e8,encyclopaedical.gg,available,,,high,high,15,,,,
96f3c889-f41b-4a40-9a45-aff570a008ee,dustpan.gg,available,,,high,high,7,,,,
71a1677d-b9ec-4abe-83df-669ca7ab42ff,lighted.gg,available,68.98,82.98,high,low,7,namecheap,,,21/08/2026 20:09
5c1b6074-8165-4359-a1f0-e3faf8fb4915,sleepover.gg,available,,,high,high,9,,,,
675f1b08-6442-4d27-a487-e8becf57a69c,debark.gg,available,,,high,high,6,,,,
dc7807d7-47d6-4bd2-9d90-20c5734936f4,seacalf.gg,available,,,high,high,8,,,,
c1a14b99-5453-4997-8001-2c07c8934ed1,chimed.gg,available,,,medium,low,6,,,,
f19a95f9-9ffa-4786-87e4-6934ba579065,succeeded.gg,available,,,high,low,9,,,,
b1d4fb5e-063c-4f29-a5e6-9a24d311da3d,sanctify.gg,available,,,high,high,8,,,,
2a86ff69-35c8-48f2-b720-3888a845a0f4,productive.gg,resell,,,high,low,10,Enrapture Limited (https://enrapture.gg),,,18/08/2026 21:26
9f8e4bdb-1e33-4282-8062-7f677b266db5,colourfastness.gg,available,,,medium,low,15,,,,
b623f73a-c71e-4a28-bce8-b0105cc5bde7,humbleness.gg,available,,,high,high,10,,,,
6b127cf3-8a54-45b2-bd8c-dcc196db9bca,triston.gg,available,,,high,high,7,,,,
31efe706-8d9d-473d-96c7-e1a7b1fb23dc,rainbowlike.gg,available,,,high,high,11,,,,
fafc8382-bfb1-450f-bbe4-d1011a385c18,equally.gg,available,82.98,,high,low,7,namecheap,,,
0a58010e-1a13-4871-8395-8c4dfa2cbcfd,jumped.gg,available,,,high,low,6,,,,
818c1a82-0620-4794-b769-a0c851e4e660,capitan.gg,available,,,high,high,7,,,,
12af6eca-08a7-4102-88a4-69c0a7bad8b7,times.gg,resell,,,high,low,5,West263 International Limited (http://www.363.hk),,,
a9da79ad-e1ae-4aa4-81d8-3adf13089331,tumeric.gg,available,,,high,low,7,,,,
bf296656-6a6e-4c48-84f3-e48335beb8a0,specialisation.gg,available,,,high,high,14,,,,
2ecb216b-214b-4300-af58-5841ef53fe47,quickie.gg,available,,,high,high,7,,,,
3220e591-5a4c-4e20-a5de-db7618e8a0ee,conservatives.gg,available,,,high,high,13,,,,
dfbbc042-82cf-4021-8558-e50dd43ff382,hayduck.gg,available,,,high,high,7,,,,
99308b9b-ebd7-4f54-8686-dae1b671d12f,recapitalize.gg,available,,,high,high,12,,,,
6b67b463-3edd-4795-ad95-7d9f37d88350,interpreting.gg,available,,,high,low,12,,,,
e1142a60-3730-47a7-987b-ceff7c5ff132,compounding.gg,available,,,high,high,11,,,,
712ebdb8-27c2-423e-ace4-59a4a748cb74,foxcote.gg,available,,,high,high,7,,,,
549f0f5a-1b28-4296-8350-3728a709f119,echogenic.gg,available,,,high,high,9,,,,
154cc53d-7e03-4cf6-b1df-3a6890cc014d,triliteral.gg,available,,,high,high,10,,,,
8be3368b-1063-49a5-9e90-13d3ed28ad6b,durex.gg,available,,,high,high,5,,,,
9e9d86ec-ba87-4451-896d-ea5697c20b68,gondola.gg,available,,,high,high,7,,,,
ba8fd494-6bb6-42c7-9ddf-0a3a34d86a64,possibility.gg,available,,,high,high,11,,,,
52a8e358-e7b5-46ad-9746-7026082510f7,cohesion.gg,available,,,high,high,8,,,,
1a3cd936-20a2-4e28-859d-b7029b9f2a3c,cavities.gg,available,,,high,medium,8,,,,
901bfa1f-0583-4bdf-b7a9-38647c805a4d,experiential.gg,available,,,high,high,12,,,,
33421ec6-c759-4a0a-91d0-39f15f639971,thrifty.gg,available,,,high,high,7,,,,
3b03e8f9-b402-45d4-a614-92c063584e2c,arterati.gg,available,,,high,high,8,,,,
e48417cc-738f-434a-8b01-b80416cd4b23,quadratics.gg,available,,,high,high,10,,,,
952044a8-9fb2-4344-a1bc-4eee4c195c20,sworn.gg,available,82.98,,high,low,5,namecheap,,,
8d1f615f-c868-4c71-a8c9-3e50b1a9496a,juncture.gg,available,,,high,high,8,,,,
279926ef-c846-4822-ab00-a4072ecad005,geniculation.gg,available,,,high,low,12,,,,
40736c75-1540-4577-bfcc-cb5a3006d2c1,artificially.gg,available,,,high,high,12,,,,
5f7efa0a-ab5d-4afd-9d5a-89d06c38bc1b,rearing.gg,available,68.98,82.98,high,low,7,namecheap,,,09/09/2026 11:04
5fec51f7-ac51-4ce5-9d5d-c44f3ab2b27f,glockenspiel.gg,available,,,high,high,12,,,,
41dfa9ec-247b-4c98-8725-4a917da37b25,tacitus.gg,available,,,high,high,7,,,,
bce63ed1-dcbf-450d-995c-330fe5cd8eb6,heirloom.gg,available,,,high,high,8,,,,
cea34522-d426-4ec7-bc07-f648c079d05e,analyzed.gg,available,68.98,82.98,high,low,8,namecheap,,,
df7c78e6-5782-4c77-a1a0-3cc44c100724,costing.gg,available,,,high,high,7,,,,
8f51db33-10e1-4847-96c3-0438e1235fa3,neonatology.gg,available,,,high,low,11,,,,
f43d3efc-9971-4607-b752-d810147b4aad,skis.gg,available,,,high,low,4,,,,
8c65616d-0f74-4fa2-8e80-e06e7d9c77b1,rachet.gg,available,,,high,high,6,,,,
f046f17c-62f1-40c3-bccb-635b907786e9,welsher.gg,available,,,high,high,7,,,,
6de4ef08-d705-407c-bd19-a571ca28709e,pictograms.gg,available,,,high,low,10,,,,
a9b371ba-963e-4832-9616-2f942e966f67,fountainlike.gg,available,,,high,high,12,,,,
450626ab-9e55-4a26-9460-78a5eda93a36,kiddiewink.gg,available,,,high,high,10,,,,
c64d597e-9cf1-4f59-8cd8-fe9cc9fe1265,kayla.gg,available,,,high,high,5,,,,
94bdb71a-2436-4e0c-98a0-8884c9255177,biogroup.gg,available,,,high,high,8,,,,
01c09bf2-798c-4e4f-86ee-f9cfe84d5eaf,trawl.gg,available,,,high,high,5,,,,
67d75e59-aa04-448e-89a5-313e86b1728b,graton.gg,available,,,high,high,6,,,,
8c0ae655-ddd3-4473-8886-b414c7b430b2,alexiteric.gg,available,,,high,high,10,,,,
e9811471-10c8-4b04-aaab-1b4d09b8af1e,longlimbed.gg,available,,,high,high,10,,,,
10eaac37-46a0-44ca-979a-89132018c745,winecup.gg,available,,,high,high,7,,,,
9b6c1f42-8b09-46b0-b522-1b7724bac5ad,subcommittee.gg,available,,,high,high,12,,,,
15f15dc4-79c9-4aef-95db-48e0ec7baccb,glassers.gg,available,,,medium,low,8,,,,
880bd7de-11f0-4325-a6d1-4fdf3d5d75c3,ateotd.gg,available,,,high,high,6,,,,
46c9fc46-080a-4e30-9542-873bb858ec43,edited.gg,available,68.98,82.98,high,low,6,namecheap,,,15/08/2026 11:05
56d961dc-c296-44bc-8313-29b8dbfb0bb8,murcia.gg,available,,,high,high,6,,,,
09e241d2-7174-47f2-97a0-4dfc47675439,macarthur.gg,available,,,high,high,9,,,,
100e343c-4fcc-4f2c-a3d1-eac6e8610781,orthodoxy.gg,available,,,high,high,9,,,,
11480722-9ef9-432d-9e36-575a953d1d18,porting.gg,available,,,high,high,7,,,,
5978276c-a1b7-4d91-945a-242995f34bf8,pocketknives.gg,available,,,high,low,12,,,,
9566d0b3-fdbb-4b45-966e-8649eb5cb802,playboys.gg,available,,,high,low,8,,,,
2b8da3ae-bd84-42a7-a49d-e658d3c48b65,midaslike.gg,available,,,medium,low,10,,,,
c2468af8-363c-4af2-bd95-efefa00579da,keffiyehs.gg,available,,,medium,low,9,,,,
3baa725c-88e6-4fd8-b2c4-b587e2ad527a,centroids.gg,available,,,medium,low,9,,,,
a4e2ae46-478f-4c6d-8d62-a137a8e4075c,reenforce.gg,available,,,high,high,9,,,,
3ec53f5a-500f-42f9-a612-87e8dc479a5d,helvetica.gg,available,,,high,high,9,,,,
ca763cf3-032f-4795-a2f1-2d59ca0b3068,dob.gg,available,,,high,high,3,,,,
350a8e90-7ae8-4fbd-b9ec-162182d35e0a,chesty.gg,available,68.98,82.98,high,low,6,namecheap,,,06/08/2026 22:08
2ce48fde-0881-4829-87c6-87d6fac70ccf,ascensive.gg,available,68.98,82.98,high,low,9,namecheap,,,07/08/2026 00:46
3cf72b94-6e23-4db0-880f-1d25f5fbaf4f,supportably.gg,available,,,high,high,11,,,,
8671caa3-8b95-42b0-8c2b-31b03afc36af,flack.gg,available,68.98,82.98,high,low,5,namecheap,,,
c08b688b-7f63-4a11-8aa4-50a8cf086bf8,enhanced.gg,resell,,,high,low,8,Enrapture Limited (https://enrapture.gg),,,17/08/2026 08:25
ad25b35c-c352-4324-8174-3ce559ee110f,considering.gg,available,,,high,high,11,,,,
5a091446-08fc-4546-9aaa-c06b09a801b0,moat.gg,resell,,,high,high,4,Dynadot Inc. (https://www.dynadot.com),,,
1ac6b394-2891-45e0-8aad-81164078ed66,rightfield.gg,available,,,high,high,10,,,,
4f5fb586-5987-4644-a81e-068102f62eb3,outs.gg,available,,,high,medium,4,,,,
fe20f7d9-5e6b-4e3e-9f9b-220884f40e2e,luminary.gg,resell,,,high,low,8,Sav.com LLC (https://www.sav.com),,,03/09/2026 22:03
ba714201-bc75-4a6a-99d5-0fe83902d094,bonnily.gg,available,68.98,82.98,high,low,7,namecheap,,,14/09/2026 01:04
873679b5-e312-428d-aa19-b0becbca2851,headmaster.gg,available,,,high,high,10,,,,
c8e58731-80e8-414c-a69f-5292bfa86666,hornpipist.gg,available,,,high,high,10,,,,
4b049e5e-5926-42ea-bdfe-ff3678c298c9,stunner.gg,available,68.98,82.98,high,low,7,namecheap,,,22/08/2026 16:40
4cea3174-5a6b-49f8-b21d-93f49fb9578b,theistic.gg,available,68.98,82.98,high,low,8,namecheap,,,11/09/2026 12:41
59c31629-c823-4d29-966a-7d38f8382923,neglect.gg,available,82.98,,high,low,7,namecheap,,,
6ae8f4c4-59e4-433f-9134-281216e01609,foreseeable.gg,available,,,high,medium,11,,,,
36061f97-89ba-4dea-9f21-a1461459d5d7,clave.gg,available,,,high,high,5,,,,
90dce155-7131-40a7-bda6-1c27326f0d8e,extremely.gg,available,82.98,,high,low,9,namecheap,,,
f0727bca-2bdf-4467-bebc-b7cdba8cce16,francolino.gg,available,,,high,high,10,,,,
8bc944e5-29c7-42cc-b275-ee68e0e00bcb,sheeplike.gg,available,68.98,82.98,high,medium,10,namecheap,,,10/09/2026 06:18
6be109f8-d957-47bb-999e-f0caf39b2897,yielder.gg,available,,,high,high,7,,,,
02ca8502-f78c-4a9f-b455-6fa233d9d41e,humanity.gg,resell,,,high,low,8,Enrapture Limited (https://enrapture.gg),,,
dfee07bd-b4d2-415d-86b8-cfd3b1996c7e,exam.gg,available,,,high,high,4,,,,
cce398f6-529b-4de6-afaa-dae0409af5ae,privatise.gg,available,,,high,high,9,,,,
6d87b514-1239-4bb8-8f1b-d17143011dcf,microcomputer.gg,available,,,high,high,13,,,,
f3488cc2-257c-4234-9e13-8bf9824812a0,intine.gg,available,,,high,high,6,,,,
14ef0555-3cc8-4b9a-9477-9e37c4916875,impetus.gg,available,,,high,high,7,,,,
f5276b4a-0f7f-43e1-8cce-5c53d2e64105,scoopful.gg,available,,,high,high,8,,,,
23832b37-ff34-4155-96b5-20d826fa30d5,unsurprisingly.gg,available,,,high,high,14,,,,
0c8afab0-742a-4c06-b3a4-2f753086ca32,reputable.gg,available,68.98,82.98,high,low,9,namecheap,,,09/09/2026 14:45
7f37ed27-b406-4e0f-9bdb-6b444717b1f2,pinkerton.gg,available,,,high,high,9,,,,
561fbad4-a65a-43bd-96d0-260963792ee9,athletically.gg,available,,,high,high,12,,,,
5676ad00-0afd-4153-b8cd-ae6010eca525,walnuts.gg,available,,,high,medium,7,,,,
786b4aae-ce46-4be7-afc4-b056e32a6f0c,ulf.gg,available,,,high,high,3,,,,
f7d69e97-be9c-4f9b-a534-5b79dfaed81f,closetwork.gg,available,,,medium,low,10,,,,
3000bdb1-75ee-4de1-85df-45cf8a8a2a2e,weymouth.gg,available,,,high,high,8,,,,
497b5623-f042-4ef1-adfb-27d11fae4c9b,allergenic.gg,available,68.98,82.98,high,low,10,namecheap,,,
b6694940-c5e8-44fa-92b8-74834b55127f,troy.gg,resell,,,high,high,4,1API (http://www.1api.net),,,
40601c17-7ef1-4fa1-a431-1cb7b69a4c56,parkas.gg,available,,,high,low,6,,,,
5b8a1869-0fdb-41eb-86e8-713909736764,assesses.gg,available,,,high,low,8,,,,
83110930-172a-4f4a-aeae-afcde63118b4,magnums.gg,available,,,high,low,7,,,,
83463811-dad2-4740-8a46-3095dc9ffe4d,thermos.gg,available,,,high,high,7,,,,
7cf3a225-d08d-4ab4-929b-0c564145b9a0,eyelashes.gg,available,,,high,medium,9,,,,
a4a6a104-64ec-4ac6-8069-38eb956ff20e,stylists.gg,available,,,high,medium,8,,,,
af393c2c-cbe2-4288-a334-aaf4921cfe4f,googlish.gg,available,,,high,high,8,,,,
e5e65a13-2e21-4905-bc74-bfa10698af7c,employers.gg,available,,,high,high,9,,,,
183115aa-e2e7-47ac-9c51-5b6179176ac8,mindless.gg,available,,,high,low,8,,,,
c14493a8-4d56-4441-8cf2-b0c11e97c8a4,egress.gg,available,,,high,high,6,,,,
90cb9b47-1c54-46d3-b7e4-83b9de4f63fe,juxtaposed.gg,available,68.98,82.98,high,low,10,namecheap,,,22/08/2026 15:00
d28f02fe-45d8-4002-9e47-50271df48d3f,piggybacked.gg,available,,,medium,low,11,,,,
4c2172ac-4caf-4b83-ac8d-4ea6617165b5,benediction.gg,available,,,high,low,11,,,,
ffbbffc0-554d-4f20-972c-412047701b21,softer.gg,available,,,high,medium,6,,,,
1ef0ec44-aa5a-4bff-b29e-b2db54b486c4,jenner.gg,available,,,high,high,6,,,,
898429f0-f024-422e-ad07-d94d4900ed21,dolphinfish.gg,available,,,high,low,11,,,,
c9c74bf4-3093-472c-8974-88f868cbf39d,odorless.gg,available,68.98,82.98,high,low,8,namecheap,,,22/08/2026 06:02
40961c3b-67bd-47bb-98a2-eeeff34f5190,concocts.gg,available,,,high,low,8,,,,
5db56412-ee3f-4f3b-ba6e-4ff8b7fa1850,goukou.gg,available,,,high,high,6,,,,
a46e0246-bfbd-4cbc-8f51-0fa09c42475c,venirewoman.gg,available,,,high,high,11,,,,
45b890cb-4240-4482-aeed-643664a81cdd,brevilineal.gg,available,,,high,high,11,,,,
bf701e58-ac95-430f-bf7b-736e69d2734b,casings.gg,available,,,high,low,7,,,,
1e0ae276-c16a-4372-9063-9b1875fef11b,finespun.gg,available,68.98,82.98,high,low,8,namecheap,,,18/08/2026 04:51
bb6cd637-d570-4bf8-bc7c-d740cb00b92a,marseille.gg,available,,,high,high,9,,,,
b22d9916-c358-44a5-9043-3ea505a4d452,freo.gg,available,,,high,high,4,,,,
eedf183f-fc9e-4a17-8401-820ea2381fd6,dreamworld.gg,available,,,high,high,10,,,,
75dd08ae-70f3-43dd-a150-58393add094a,diodelaser.gg,available,,,high,high,10,,,,
0eef5f89-e463-4c60-ba92-3d7ae55b55f0,elron.gg,available,,,high,high,5,,,,
b34eed0d-13eb-4c3f-be97-228d13788030,coffeeberry.gg,available,82.98,,high,low,12,namecheap,,,
97d1efa0-cc7a-40ec-a3d9-71db06e22b43,teahouse.gg,available,,,high,high,8,,,,
24308491-668c-4da8-8ccd-03ec45256e67,scintilla.gg,available,,,high,high,9,,,,
fb598d10-d757-4c08-8ff2-791637a6b67b,methodological.gg,available,,,high,high,14,,,,
b31a2b6c-578b-40ef-84ad-305cf1167268,hotness.gg,available,,,high,high,7,,,,
803d39a1-7087-4742-ab6e-1e2eb710d361,irrationalism.gg,available,,,high,low,13,,,,
16a3a20b-d042-4f9f-bd19-19bd5dbfde48,austral.gg,available,68.98,82.98,high,low,7,namecheap,,,07/08/2026 18:26
3e176093-0d98-48be-a76d-ca3218b14373,unselfish.gg,available,68.98,82.98,high,low,9,namecheap,,,12/09/2026 19:16
eff2f79f-cad1-4143-ace6-6fd3a29b88d6,cageball.gg,available,,,high,high,8,,,,
3f8866ed-ec7b-43cb-b936-4744b8bd931d,rucksacks.gg,available,,,medium,low,9,,,,
e8ec4a66-1bb0-4f8e-aeb9-e6956c431eaf,shaft.gg,available,82.98,,high,low,5,namecheap,,,
1f2ef4e8-db65-4ade-b272-cd985d8913d3,randel.gg,available,,,high,high,6,,,,
41414d1e-3466-45e4-bc75-e80aa61fef47,counterweight.gg,available,,,high,high,13,,,,
6760af58-1b2e-40a9-839f-e179eac05488,cipro.gg,available,,,high,high,5,,,,
8b9c83b0-20e6-484b-907e-4a4856b970f6,ornaments.gg,available,,,high,high,9,,,,
d1027add-d00b-4fd0-92b6-0ee1f479bf4b,monogenic.gg,available,68.98,82.98,high,low,9,namecheap,,,25/08/2026 05:13
c8eaa175-3a4e-4b4e-a55b-89219760b425,intermolecular.gg,available,,,high,low,14,,,,
43733dcf-4a38-4356-9eb3-70e803e46083,apple.gg,resell,,,high,high,5,West263 International Limited (http://www.363.hk),,,
db10d8fc-480a-4423-acb3-0f6e7dfde61c,addresses.gg,available,82.98,,high,low,9,namecheap,,,
ee0d2749-8b4a-4a02-8c5e-3825e598da32,execution.gg,available,82.98,,high,low,9,namecheap,,,
ba383be2-8fd2-456d-a4eb-a6f2e224a47d,instructional.gg,available,,,high,high,13,,,,
7a2bd966-67a1-405c-8f30-39c95da8d65c,orienting.gg,available,68.98,82.98,high,low,9,namecheap,,,04/09/2026 17:56
5e1ac691-8abe-42f1-b915-e64382fc7dfe,moisture.gg,available,68.98,82.98,high,low,8,namecheap,,,13/09/2026 11:06
6def6efe-2aeb-4fa0-ade5-0048e4bc85aa,crosser.gg,available,,,high,high,7,,,,
20fcf1ad-5c97-45a6-b478-d9e202d5164d,soya.gg,available,,,high,high,4,,,,
d913769b-35cf-4391-b922-2dd88dd43aab,hippocrates.gg,available,,,high,high,11,,,,
846907d8-754b-4130-986e-17ace2fcd50f,keister.gg,available,68.98,82.98,medium,low,7,namecheap,,,09/08/2026 11:08
28680358-212d-4128-aaf7-522b5dab3a04,predetermined.gg,available,,,high,high,13,,,,
660c3dfe-9c00-4495-b428-8fbf7d0afe02,enunciate.gg,available,,,high,high,9,,,,
17f9991c-4c0e-4d0f-9841-6fb087e66532,xci.gg,available,68.98,82.98,high,low,3,namecheap,,,
8d8e7589-f88d-4c22-a319-27179c31f71e,paraguay.gg,available,,,high,high,8,,,,
4b4e3893-b416-40ac-8a8d-b2bfaa6fafc4,darren.gg,available,,,high,high,6,,,,
7228671e-a49b-4d47-a6c1-522db1b9204f,ile.gg,available,,,high,high,3,,,,
40842898-dc80-4ee3-901f-da7366259185,wheelchairs.gg,available,,,high,low,11,,,,
9436eaf1-ad65-401e-b551-ac0575bf31f5,sustainable.gg,available,82.98,,high,high,11,namecheap,,,
6eab3806-b6a4-4fbe-b76a-d68202260de6,bulboid.gg,available,,,high,high,7,,,,
8b65997f-d90d-4b95-97aa-0d66e32091c0,foolproof.gg,available,68.98,82.98,high,low,9,namecheap,,,18/08/2026 10:37
8a08daae-3400-4135-80db-160e9622999a,sections.gg,available,,,high,medium,8,,,,
2ecd00f2-c0fd-4057-8671-138e18c7ae64,liza.gg,available,,,high,high,4,,,,
4979f393-4850-4086-9917-a7090d93af4f,englishman.gg,available,,,high,high,10,,,,
78f83373-727f-4992-89b2-2c5eaad88560,rescue.gg,resell,,,high,low,6,Docky Company (https://docky.ly),,,
b39ceb72-17f7-43bc-869f-092acae3b54e,fulfilled.gg,available,68.98,82.98,high,low,9,namecheap,,,18/08/2026 17:51
a41bd748-047b-42cc-ac57-a17b70685b8e,backslapping.gg,available,,,low,low,13,,,,
6d50370c-3fab-4fc3-8e1a-96eb1f3d7855,docent.gg,available,,,high,high,6,,,,
dc4f81be-5916-4226-a3d7-0e6db5668f67,smidge.gg,available,,,high,high,6,,,,
2ce3a3d2-0957-481a-a3cb-aef4773b4cbe,stockpots.gg,available,,,medium,low,9,,,,
ce7949e1-fe0c-4d9a-ade4-1fd6ff447be5,parsleys.gg,available,,,high,low,8,,,,
2c099b06-d473-4a80-bd34-990861b78e62,constructions.gg,available,,,high,low,13,,,,
9e1c278b-9530-4419-8da3-811b3d679d25,expedition.gg,resell,,,high,low,10,Sav.com LLC (https://www.sav.com),,,
d08d8bf3-3632-4f07-bdb8-2b50eff5d704,sydneyan.gg,available,,,high,high,8,,,,
eb370bba-8267-4eac-92f5-bd3760baa660,altarity.gg,available,,,high,low,8,,,,
1dc745f9-2374-498f-b634-72cd33f16204,newland.gg,available,,,high,high,7,,,,
a19cbb5e-1c57-4a14-b934-41fd3745bc02,philippine.gg,available,68.98,82.98,high,low,10,namecheap,,,18/08/2026 04:21
969e5d1d-532c-4bf8-bac0-f841889316ff,clostridium.gg,available,,,high,low,11,,,,
3ab4a880-d95a-4e38-9679-b98322865859,varietal.gg,available,,,high,high,8,,,,
9cb87654-cdd9-4f59-ada8-a0a37c0ed371,armstand.gg,available,,,high,high,8,,,,
8991fa03-3c61-48e4-87a2-789bb7bd6b25,princessliness.gg,available,,,high,high,14,,,,
b3c5eebe-76be-48b7-838c-0891579c899b,quist.gg,available,,,high,high,5,,,,
0291514a-f455-41f2-8e7a-9cd1a091b947,forecaster.gg,resell,,,high,high,10,1API (http://www.1api.net),,,
9a7f203d-dc4e-4e4e-8bbf-f0841a5727b8,malay.gg,available,68.98,82.98,high,low,5,namecheap,,,24/08/2026 13:42
68e07873-2605-4743-998f-1d6b4807186e,tandoor.gg,available,,,high,high,7,,,,
70eb81b0-b41f-4df0-b79f-229b1cc883d1,proud.gg,available,82.98,,high,low,5,namecheap,,,
92045092-b9c7-4c78-957b-17e84c6de936,expatiations.gg,available,,,medium,low,12,,,,
83d12809-fab8-44bc-8044-71824ea6ab04,dressmakers.gg,available,,,high,low,11,,,,
83aa4cd8-a8b8-4396-95c3-8e7256f1c74d,inland.gg,available,68.98,82.98,high,low,6,namecheap,,,22/08/2026 05:49
d64ea931-ed16-442c-82a2-0b36f6cbb762,risewood.gg,available,,,high,high,9,,,,
651e1172-64fa-40a6-bb2f-fa11a6ef9077,feetwear.gg,available,,,high,low,8,,,,
16bbcd8b-6830-4d9d-ae71-16ac2d9daea4,justiciability.gg,available,,,medium,low,14,,,,
70730cf6-e350-4659-ad59-664ab806fc4b,woundcare.gg,available,,,high,high,9,,,,
30b6ff8a-4e0e-4808-a5c8-38756055f690,recursion.gg,available,,,high,high,9,,,,
57db6865-8b5c-47ed-9f01-ce27386168ce,wanting.gg,available,82.98,,high,low,7,namecheap,,,
6e3039ff-385f-498c-a300-5bc2d8fd069c,skicross.gg,available,,,high,low,9,,,,
6a155560-bea6-4371-806c-271a791e99cb,moralize.gg,available,,,high,high,8,,,,
d5d59638-9cbf-4282-b538-25c67fee3b1e,poetical.gg,available,68.98,82.98,high,low,8,namecheap,,,08/09/2026 22:34
3b059d5f-63a6-4f2a-b644-4925957ca016,upclimb.gg,available,,,high,high,7,,,,
12e0a233-77a3-4259-8e1a-cfa6d84a8c40,colourableness.gg,available,,,high,low,14,,,,
dd868794-a444-48b4-9b31-3d338f892e59,skiboard.gg,available,,,high,low,9,,,,
008b1f24-e805-423c-bdee-0cda74378769,sequestering.gg,available,,,medium,low,12,,,,
f6bdddfd-f332-42e2-a98a-26bc6ac84de2,furtherment.gg,available,,,high,low,11,,,,
63c320b1-9096-4f7e-a797-ceefab2c91b0,mesocyclone.gg,available,,,high,high,11,,,,
6ecc38d3-7267-47e0-a986-31c82185fa84,utilities.gg,available,,,high,medium,9,,,,
0d80b510-f95d-4cbc-8c6f-92fe48892100,roved.gg,available,,,medium,low,5,,,,
a3607c2d-78f3-48da-8b6b-b4f981c90b23,businessowner.gg,available,,,high,high,13,,,,
6fd4422c-41cc-4f82-98d4-e5fc0a77f216,icon.gg,resell,,,high,medium,4,Docky Company (https://docky.ly),,,
a9d67a45-878d-4039-a3ba-5aaabf1f3186,concentrates.gg,available,,,high,low,12,,,,
d0a69d32-8820-43fe-9dfb-05e08878c50c,congregational.gg,available,82.98,,high,low,14,namecheap,,,
9b4f80b1-72ec-4e6f-a333-cd9e98f8d563,cadets.gg,available,,,high,medium,6,,,,
065b98f1-7c8b-45b4-bcad-79517a104204,altepetl.gg,available,,,high,low,8,,,,
13d1fcd0-0783-4e7b-a0e5-decdb59e0284,independent.gg,resell,,,high,low,11,Dynadot Inc. (https://www.dynadot.com),,,
ca0dae15-4376-43a3-89c5-78674a80153f,custodians.gg,available,,,high,medium,10,,,,
8423bb18-e58f-466a-b85c-dcbc17441ae5,vulvas.gg,available,,,medium,low,6,,,,
cd59f522-efe4-47b3-b195-5eeea24525a0,grassington.gg,available,,,high,high,11,,,,
ce29750e-2018-41c8-bc7c-20f81fe4f2f1,descension.gg,available,,,high,low,10,,,,
7333b99a-85a8-48de-9e17-6064b1c2fab1,autocorrect.gg,available,,,high,high,11,,,,
bbad7c43-88fd-4d75-b5f8-04ed07a58f8e,consummates.gg,available,,,medium,low,11,,,,
26d44b63-b3b2-40cf-9aee-834fc677cfb7,dorsal.gg,available,68.98,82.98,high,low,6,namecheap,,,
95814f30-cb45-4fb3-8b34-ef1961058ae1,patched.gg,available,,,high,high,7,,,,
5224edb6-66f2-4327-bce2-9e4007b68275,grinned.gg,available,,,medium,low,7,,,,
2a07a879-d8c5-4bd5-9120-e1d046c8f363,artists.gg,resell,,,high,low,7,"humbly, LLC (http://park.io)",,,
69f13561-d8db-4987-937f-cb36529b089e,reworking.gg,available,,,high,high,9,,,,
91722f72-adbf-411c-b776-18def6b1e7a4,zooming.gg,available,82.98,,high,low,7,namecheap,,,
b854b1c6-ab73-4ff2-9ddb-907eaa060e96,potatoes.gg,available,,,high,high,8,,,,
3918eebd-346e-408a-93a5-d666fe4d30ce,presents.gg,available,68.98,82.98,high,low,8,namecheap,,,08/09/2026 04:30
c4d9c234-99e5-4ef9-af4e-aaa03a6b3d69,abjudicated.gg,available,,,medium,low,11,,,,
958554d9-9d87-40fc-8b50-a2ff3025b04c,upholsterer.gg,available,,,high,high,11,,,,
713020b0-0122-42ed-831a-bc1950699474,otic.gg,available,68.98,82.98,high,low,4,namecheap,,,07/08/2026 17:41
14e78ecc-d05c-403f-bacd-2bcde9883189,rushes.gg,available,,,high,low,6,,,,
3dfe46f6-8b5a-4c5b-a1e9-9e9039fe6a80,wrist.gg,available,82.98,,high,low,5,namecheap,,,
1b401040-3973-4833-a6a2-c0e8afb3b56f,tianjin.gg,available,,,high,high,7,,,,
3cacceee-f425-41ca-8744-42b073322ee0,needlelace.gg,available,,,high,high,10,,,,
f733d9ab-c7f2-45ab-b89e-2b5ad44a1094,glassware.gg,available,,,high,high,9,,,,
62c59865-18dc-49bc-b90a-48c2c9435eb1,miah.gg,available,,,high,high,4,,,,
4d08a1f6-8d05-4dd5-811c-71687e11205b,shakspearian.gg,available,,,high,high,12,,,,
4e61ebe5-0560-4bd0-b6a2-afab02edcc0b,blocker.gg,available,,,high,high,7,,,,
04aa0fe3-9ea2-408d-a09f-6194d5626829,idolized.gg,available,68.98,82.98,high,low,8,namecheap,,,
b1bc1802-ef34-488d-bf0d-0ebafd2e8288,filmish.gg,available,,,high,high,7,,,,
e990b944-463e-44c2-987b-63cb73461629,gorillas.gg,available,,,high,medium,8,,,,
60e183ff-a08a-4203-9897-3c59c5167fb8,peeled.gg,available,68.98,82.98,high,low,6,namecheap,,,08/08/2026 18:24
77c4fa4f-2e47-46f2-bbed-e13313c273f7,assess.gg,resell,,,high,low,6,1API (http://www.1api.net),,,
0f75326a-8e6c-42c3-ab50-72f5449140e7,baju.gg,available,,,high,high,4,,,,
f33800d8-de50-4568-a81f-da32986dc45e,washerwoman.gg,available,,,high,high,11,,,,
e04cb786-0d76-4276-b32c-988011af6611,drumming.gg,available,,,high,high,8,,,,
e2d55082-aade-4ebb-bf0f-08c480fa33b9,motherload.gg,available,,,high,high,10,,,,
3968a687-2fec-4b4c-a258-91cc2fec53b7,stanningley.gg,available,,,high,high,11,,,,
d6350f3c-d40d-40e3-9983-91741a4a9e58,handyman.gg,available,,,high,high,8,,,,
bd74f997-b6b0-4823-aa83-67ef233fd85c,fundae.gg,available,,,high,low,6,,,,
eed90ca3-9d17-405a-bdba-4eb590f36886,catstep.gg,available,,,medium,low,8,,,,
5a1ccbb1-5aaa-4575-9e95-4e5926397d0a,landfilling.gg,available,,,medium,low,11,,,,
7e770260-1e23-467f-baa8-ab6763a23584,frenchwoman.gg,available,,,high,high,11,,,,
3e0677fb-82cd-48d2-b808-d27b4738c533,noodleman.gg,available,,,high,low,9,,,,
08e7eefc-97bc-45f7-b0aa-aca6e5629602,chicano.gg,available,,,high,high,7,,,,
9db64994-451b-42f8-a705-dc11528cc7ba,outsmarts.gg,available,,,medium,low,9,,,,
90273a4d-3aeb-41e4-85ec-3c2ba2189271,soliloquy.gg,available,,,high,high,9,,,,
dcfe3b0e-22c1-49a5-8a3b-1b8d4ae9279a,rubberlike.gg,available,68.98,82.98,high,medium,10,namecheap,,,09/09/2026 19:15
1960e409-b37b-4de4-82fe-c076dbb024eb,clx.gg,resell,,,high,low,3,"NameCheap, Inc (https://www.namecheap.com)",,,
b09a9dad-89cf-4917-b435-8687fe897d3e,baseburner.gg,available,,,high,high,11,,,,
577cfe2d-d5a0-4bc1-9757-73635542ea40,hygienise.gg,available,,,high,high,9,,,,
d2b393bc-6ff1-4039-a847-cdab996774d0,peahen.gg,available,,,high,high,6,,,,
890a808c-c805-4327-85ce-14e0d527d743,nukus.gg,available,,,high,high,5,,,,
4b42b2d6-2aa6-4463-8036-8a9bcb1109ba,micronesia.gg,available,,,high,high,10,,,,
d2be3859-eb5d-4968-8e96-a1b03344df09,beholdable.gg,available,,,high,high,10,,,,
d0cad0f3-f6ff-49d9-912e-607d5415dc65,dogtooth.gg,available,68.98,82.98,high,low,9,namecheap,,,11/08/2026 17:01
395e325f-436b-47ba-b40e-a7600b4471db,sachs.gg,available,,,high,high,5,,,,
78a4d43d-5780-47fb-ad43-6384c882799b,quota.gg,available,,,high,high,5,,,,
f6a2a2a4-974f-4cbb-87e4-89557d8cd8b7,tiebreaking.gg,available,,,high,low,11,,,,
696041a2-cf65-4fb9-a937-d89dd83e0378,goldeneye.gg,available,,,high,high,9,,,,